fecha,local,visitante,goles_local,goles_visita,torneo,ciudad,pais_x,neutral,difgol,gana_local,gana_visita,ranking_local,abrev_local,ranking_visitante,abrev_visitante,dif_ranking
1993-08-08,Bolivia,Uruguay,3,1,FIFA World Cup qualification,La Paz,Bolivia,0,2,1,0,59.0,BOL,22.0,URU,37.0
1993-08-08,Ecuador,Venezuela,5,0,FIFA World Cup qualification,Quito,Ecuador,0,5,1,0,35.0,ECU,94.0,VEN,-59.0
1993-08-08,Paraguay,Argentina,1,3,FIFA World Cup qualification,Asunción,Paraguay,0,-2,0,1,67.0,PAR,5.0,ARG,62.0
1993-08-08,Peru,Colombia,0,1,FIFA World Cup qualification,Lima,Peru,0,-1,0,1,70.0,PER,19.0,COL,51.0
1993-08-15,Bolivia,Ecuador,1,0,FIFA World Cup qualification,La Paz,Bolivia,0,1,1,0,59.0,BOL,35.0,ECU,24.0
1993-08-15,Colombia,Argentina,2,1,FIFA World Cup qualification,Barranquilla,Colombia,0,1,1,0,19.0,COL,5.0,ARG,14.0
1993-08-15,Paraguay,Peru,2,1,FIFA World Cup qualification,Asunción,Paraguay,0,1,1,0,67.0,PAR,70.0,PER,-3.0
1993-08-15,Uruguay,Brasil,1,1,FIFA World Cup qualification,Montevideo,Uruguay,0,0,0,0,22.0,URU,8.0,BRA,14.0
1993-08-22,Argentina,Peru,2,1,FIFA World Cup qualification,Buenos Aires,Argentina,0,1,1,0,5.0,ARG,70.0,PER,-65.0
1993-08-22,Bolivia,Venezuela,7,0,FIFA World Cup qualification,La Paz,Bolivia,0,7,1,0,59.0,BOL,94.0,VEN,-35.0
1993-08-22,Brasil,Ecuador,2,0,FIFA World Cup qualification,São Paulo,Brasil,0,2,1,0,8.0,BRA,35.0,ECU,-27.0
1993-08-22,Paraguay,Colombia,1,1,FIFA World Cup qualification,Asunción,Paraguay,0,0,0,0,67.0,PAR,19.0,COL,48.0
1993-08-29,Argentina,Paraguay,0,0,FIFA World Cup qualification,Buenos Aires,Argentina,0,0,0,0,5.0,ARG,67.0,PAR,-62.0
1993-08-29,Brasil,Bolivia,6,0,FIFA World Cup qualification,Recife,Brasil,0,6,1,0,8.0,BRA,59.0,BOL,-51.0
1993-08-29,Colombia,Peru,4,0,FIFA World Cup qualification,Barranquilla,Colombia,0,4,1,0,19.0,COL,70.0,PER,-51.0
1993-08-29,Uruguay,Venezuela,4,0,FIFA World Cup qualification,Montevideo,Uruguay,0,4,1,0,22.0,URU,94.0,VEN,-72.0
1993-09-05,Argentina,Colombia,0,5,FIFA World Cup qualification,Buenos Aires,Argentina,0,-5,0,1,5.0,ARG,19.0,COL,-14.0
1993-09-05,Brasil,Venezuela,4,0,FIFA World Cup qualification,Belo Horizonte,Brasil,0,4,1,0,8.0,BRA,94.0,VEN,-86.0
1993-09-05,Ecuador,Uruguay,0,1,FIFA World Cup qualification,Guayaquil,Ecuador,0,-1,0,1,35.0,ECU,22.0,URU,13.0
1993-09-05,Peru,Paraguay,2,2,FIFA World Cup qualification,Lima,Peru,0,0,0,0,70.0,PER,67.0,PAR,3.0
1993-09-12,Uruguay,Bolivia,2,1,FIFA World Cup qualification,Montevideo,Uruguay,0,1,1,0,22.0,URU,59.0,BOL,-37.0
1993-09-12,Venezuela,Ecuador,2,1,FIFA World Cup qualification,Puerto Ordaz,Venezuela,0,1,1,0,94.0,VEN,35.0,ECU,59.0
1993-09-19,Brasil,Uruguay,2,0,FIFA World Cup qualification,Rio de Janeiro,Brasil,0,2,1,0,8.0,BRA,22.0,URU,-14.0
1993-09-19,Ecuador,Bolivia,1,1,FIFA World Cup qualification,Guayaquil,Ecuador,0,0,0,0,35.0,ECU,59.0,BOL,-24.0
1994-01-28,Venezuela,Colombia,1,2,Friendly,Barinas,Venezuela,0,-1,0,1,93.0,VEN,21.0,COL,72.0
1994-02-20,Bolivia,Colombia,0,2,Friendly,Miami,USA,1,-2,0,1,55.0,BOL,20.0,COL,35.0
1994-03-23,Brasil,Argentina,2,0,Friendly,Recife,Brasil,0,2,1,0,2.0,BRA,8.0,ARG,-6.0
1994-04-07,Colombia,Bolivia,0,1,Friendly,Villavicencio,Colombia,0,-1,0,1,20.0,COL,56.0,BOL,-36.0
1994-05-03,Colombia,Peru,1,0,Friendly,Miami,USA,1,1,1,0,20.0,COL,72.0,PER,-52.0
1994-05-18,Chile,Argentina,3,3,Friendly,Santiago,Chile,0,0,0,0,40.0,CHI,6.0,ARG,34.0
1994-05-25,Chile,Peru,2,1,Friendly,Santiago,Chile,0,1,1,0,40.0,CHI,69.0,PER,-29.0
1994-05-25,Ecuador,Argentina,1,0,Friendly,Guayaquil,Ecuador,0,1,1,0,47.0,ECU,6.0,ARG,41.0
1994-06-08,Bolivia,Peru,0,0,Friendly,Santa Cruz,Bolivia,0,0,0,0,43.0,BOL,69.0,PER,-26.0
1994-08-17,Peru,Ecuador,2,0,Friendly,Lima,Peru,0,2,1,0,72.0,PER,46.0,ECU,26.0
1994-09-21,Chile,Bolivia,1,2,Friendly,Santiago,Chile,0,-1,0,1,43.0,CHI,44.0,BOL,-1.0
1994-09-21,Ecuador,Peru,0,0,Friendly,Machala,Ecuador,0,0,0,0,53.0,ECU,65.0,PER,-12.0
1994-10-19,Peru,Uruguay,0,1,Friendly,Lima,Peru,0,-1,0,1,65.0,PER,36.0,URU,29.0
1994-11-16,Chile,Argentina,0,3,Friendly,Santiago,Chile,0,-3,0,1,46.0,CHI,9.0,ARG,37.0
1995-01-08,Japon,Argentina,1,5,Confederations Cup,Riyadh,Saudi Arabia,1,-4,0,1,36.0,JPN,10.0,ARG,26.0
1995-03-22,Colombia,Uruguay,2,1,Friendly,Medellín,Colombia,0,1,1,0,16.0,COL,36.0,URU,-20.0
1995-04-03,Bolivia,Venezuela,0,0,Friendly,Sucre,Bolivia,0,0,0,0,48.0,BOL,121.0,VEN,-73.0
1995-04-05,Uruguay,Peru,1,0,Friendly,Montevideo,Uruguay,0,1,1,0,36.0,URU,76.0,PER,-40.0
1995-04-19,Peru,Chile,6,0,Friendly,Lima,Peru,0,6,1,0,73.0,PER,43.0,CHI,30.0
1995-05-14,Bolivia,Paraguay,1,1,Copa Paz del Chaco,Cochabamba,Bolivia,0,0,0,0,55.0,BOL,101.0,PAR,-46.0
1995-05-28,Japon,Ecuador,3,0,Kirin Cup,Tokyo,Japon,0,3,1,0,35.0,JPN,62.0,ECU,-27.0
1995-05-31,Argentina,Peru,1,0,Friendly,Córdoba,Argentina,0,1,1,0,8.0,ARG,69.0,PER,-61.0
1995-06-06,Brasil,Japon,3,0,Friendly,Liverpool,England,1,3,1,0,1.0,BRA,35.0,JPN,-34.0
1995-06-09,Paraguay,Bolivia,0,0,Copa Paz del Chaco,Asunción,Paraguay,0,0,0,0,103.0,PAR,58.0,BOL,45.0
1995-06-14,Argentina,Paraguay,2,1,Friendly,Rosario,Argentina,0,1,1,0,10.0,ARG,100.0,PAR,-90.0
1995-06-18,Venezuela,Bolivia,1,3,Friendly,Valera,Venezuela,0,-2,0,1,124.0,VEN,62.0,BOL,62.0
1995-06-19,Chile,Paraguay,0,1,Friendly,La Serena,Chile,0,-1,0,1,42.0,CHI,100.0,PAR,-58.0
1995-06-30,Paraguay,Ecuador,1,0,Friendly,Asunción,Paraguay,0,1,1,0,100.0,PAR,76.0,ECU,24.0
1995-07-01,Peru,Bolivia,4,1,Friendly,Lima,Peru,0,3,1,0,73.0,PER,62.0,BOL,11.0
1995-07-05,Uruguay,Venezuela,4,1,Copa América,Montevideo,Uruguay,0,3,1,0,36.0,URU,124.0,VEN,-88.0
1995-07-07,Brasil,Ecuador,1,0,Copa América,Rivera,Uruguay,1,1,1,0,1.0,BRA,76.0,ECU,-75.0
1995-07-07,Colombia,Peru,1,1,Copa América,Rivera,Uruguay,1,0,0,0,23.0,COL,73.0,PER,-50.0
1995-07-08,Argentina,Bolivia,2,1,Copa América,Paysandú,Uruguay,1,1,1,0,10.0,ARG,62.0,BOL,-52.0
1995-07-09,Uruguay,Paraguay,1,0,Copa América,Montevideo,Uruguay,0,1,1,0,36.0,URU,100.0,PAR,-64.0
1995-07-10,Brasil,Peru,2,0,Copa América,Rivera,Uruguay,1,2,1,0,1.0,BRA,73.0,PER,-72.0
1995-07-10,Colombia,Ecuador,1,0,Copa América,Rivera,Uruguay,1,1,1,0,23.0,COL,76.0,ECU,-53.0
1995-07-11,Argentina,Chile,4,0,Copa América,Paysandú,Uruguay,1,4,1,0,10.0,ARG,42.0,CHI,-32.0
1995-07-12,Paraguay,Venezuela,3,2,Copa América,Maldonado,Uruguay,1,1,1,0,100.0,PAR,124.0,VEN,-24.0
1995-07-13,Brasil,Colombia,3,0,Copa América,Rivera,Uruguay,1,3,1,0,1.0,BRA,23.0,COL,-22.0
1995-07-13,Peru,Ecuador,1,2,Copa América,Rivera,Uruguay,1,-1,0,1,73.0,PER,76.0,ECU,-3.0
1995-07-14,Chile,Bolivia,2,2,Copa América,Paysandú,Uruguay,1,0,0,0,42.0,CHI,62.0,BOL,-20.0
1995-07-16,Paraguay,Colombia,1,1,Copa América,Montevideo,Uruguay,1,0,0,0,100.0,PAR,23.0,COL,77.0
1995-07-16,Uruguay,Bolivia,2,1,Copa América,Montevideo,Uruguay,0,1,1,0,36.0,URU,62.0,BOL,-26.0
1995-07-17,Brasil,Argentina,2,2,Copa América,Rivera,Uruguay,1,0,0,0,1.0,BRA,10.0,ARG,-9.0
1995-07-19,Uruguay,Colombia,2,0,Copa América,Montevideo,Uruguay,0,2,1,0,36.0,URU,23.0,COL,13.0
1995-07-23,Uruguay,Brasil,1,1,Copa América,Montevideo,Uruguay,0,0,0,0,36.0,URU,1.0,BRA,35.0
1995-08-09,Japon,Brasil,1,5,Friendly,Tokyo,Japon,0,-4,0,1,36.0,JPN,1.0,BRA,35.0
1995-09-20,Japon,Paraguay,1,2,Friendly,Tokyo,Japon,0,-1,0,1,41.0,JPN,81.0,PAR,-40.0
1995-10-11,Argentina,Colombia,0,0,Friendly,Buenos Aires,Argentina,0,0,0,0,9.0,ARG,15.0,COL,-6.0
1995-10-11,Brasil,Uruguay,2,0,Friendly,Salvador,Brasil,0,2,1,0,1.0,BRA,36.0,URU,-35.0
1995-10-25,Bolivia,Ecuador,2,2,Friendly,Santa Cruz,Bolivia,0,0,0,0,50.0,BOL,61.0,ECU,-11.0
1995-11-08,Argentina,Brasil,0,1,Friendly,Buenos Aires,Argentina,0,-1,0,1,7.0,ARG,1.0,BRA,6.0
1995-12-20,Brasil,Colombia,3,1,Friendly,Manaus,Brasil,0,2,1,0,1.0,BRA,15.0,COL,-14.0
1995-12-21,Argentina,Venezuela,6,0,Friendly,Mendoza,Argentina,0,6,1,0,7.0,ARG,127.0,VEN,-120.0
1996-02-02,Venezuela,Ecuador,0,1,Friendly,Caracas,Venezuela,0,-1,0,1,112.0,VEN,57.0,ECU,55.0
1996-02-04,Bolivia,Chile,1,1,Friendly,Cochabamba,Bolivia,0,0,0,0,56.0,BOL,39.0,CHI,17.0
1996-02-11,Peru,Bolivia,1,3,Friendly,Lima,Peru,0,-2,0,1,67.0,PER,56.0,BOL,11.0
1996-02-14,Bolivia,Paraguay,4,1,Friendly,Sucre,Bolivia,0,3,1,0,56.0,BOL,65.0,PAR,-9.0
1996-02-14,Chile,Peru,4,0,Friendly,Coquimbo,Chile,0,4,1,0,39.0,CHI,67.0,PER,-28.0
1996-02-18,Qatar,Ecuador,1,1,Friendly,Doha,Qatar,0,0,0,0,84.0,QAT,57.0,ECU,27.0
1996-02-25,Qatar,Ecuador,1,2,Friendly,Doha,Qatar,0,-1,0,1,85.0,QAT,54.0,ECU,31.0
1996-03-07,Bolivia,Peru,2,0,Friendly,Santa Cruz,Bolivia,0,2,1,0,40.0,BOL,70.0,PER,-30.0
1996-03-28,Colombia,Bolivia,4,1,Friendly,Medellín,Colombia,0,3,1,0,19.0,COL,40.0,BOL,-21.0
1996-04-24,Argentina,Bolivia,3,1,FIFA World Cup qualification,Buenos Aires,Argentina,0,2,1,0,8.0,ARG,36.0,BOL,-28.0
1996-04-24,Colombia,Paraguay,1,0,FIFA World Cup qualification,Barranquilla,Colombia,0,1,1,0,9.0,COL,67.0,PAR,-58.0
1996-04-24,Ecuador,Peru,4,1,FIFA World Cup qualification,Guayaquil,Ecuador,0,3,1,0,41.0,ECU,78.0,PER,-37.0
1996-04-24,Venezuela,Uruguay,0,2,FIFA World Cup qualification,Caracas,Venezuela,0,-2,0,1,116.0,VEN,35.0,URU,81.0
1996-05-26,Chile,Bolivia,2,0,Friendly,Santiago,Chile,0,2,1,0,29.0,CHI,37.0,BOL,-8.0
1996-06-02,Ecuador,Argentina,2,0,FIFA World Cup qualification,Quito,Ecuador,0,2,1,0,38.0,ECU,8.0,ARG,30.0
1996-06-02,Peru,Colombia,1,1,FIFA World Cup qualification,Lima,Peru,0,0,0,0,77.0,PER,9.0,COL,68.0
1996-06-02,Uruguay,Paraguay,0,2,FIFA World Cup qualification,Montevideo,Uruguay,0,-2,0,1,32.0,URU,62.0,PAR,-30.0
1996-06-02,Venezuela,Chile,1,1,FIFA World Cup qualification,Barinas,Venezuela,0,0,0,0,119.0,VEN,29.0,CHI,90.0
1996-07-06,Chile,Ecuador,4,1,FIFA World Cup qualification,Santiago,Chile,0,3,1,0,29.0,CHI,32.0,ECU,-3.0
1996-07-07,Bolivia,Venezuela,6,1,FIFA World Cup qualification,La Paz,Bolivia,0,5,1,0,36.0,BOL,125.0,VEN,-89.0
1996-07-07,Colombia,Uruguay,3,1,FIFA World Cup qualification,Barranquilla,Colombia,0,2,1,0,12.0,COL,38.0,URU,-26.0
1996-07-07,Peru,Argentina,0,0,FIFA World Cup qualification,Lima,Peru,0,0,0,0,78.0,PER,15.0,ARG,63.0
1996-07-26,Paraguay,Bolivia,2,0,Friendly,Asunción,Paraguay,0,2,1,0,63.0,PAR,36.0,BOL,27.0
1996-08-25,Japon,Uruguay,5,3,Friendly,Osaka,Japon,0,2,1,0,25.0,JPN,38.0,URU,-13.0
1996-09-01,Argentina,Paraguay,1,1,FIFA World Cup qualification,Buenos Aires,Argentina,0,0,0,0,24.0,ARG,46.0,PAR,-22.0
1996-09-01,Bolivia,Peru,0,0,FIFA World Cup qualification,La Paz,Bolivia,0,0,0,0,35.0,BOL,66.0,PER,-31.0
1996-09-01,Colombia,Chile,4,1,FIFA World Cup qualification,Barranquilla,Colombia,0,3,1,0,11.0,COL,21.0,CHI,-10.0
1996-09-01,Ecuador,Venezuela,1,0,FIFA World Cup qualification,Quito,Ecuador,0,1,1,0,32.0,ECU,118.0,VEN,-86.0
1996-10-08,Uruguay,Bolivia,1,0,FIFA World Cup qualification,Montevideo,Uruguay,0,1,1,0,53.0,URU,36.0,BOL,17.0
1996-10-09,Ecuador,Colombia,0,1,FIFA World Cup qualification,Quito,Ecuador,0,-1,0,1,31.0,ECU,11.0,COL,20.0
1996-10-09,Paraguay,Chile,2,1,FIFA World Cup qualification,Asunción,Paraguay,0,1,1,0,45.0,PAR,26.0,CHI,19.0
1996-10-09,Venezuela,Argentina,2,5,FIFA World Cup qualification,San Cristóbal,Venezuela,0,-3,0,1,118.0,VEN,22.0,ARG,96.0
1996-11-10,Bolivia,Colombia,2,2,FIFA World Cup qualification,La Paz,Bolivia,0,0,0,0,41.0,BOL,8.0,COL,33.0
1996-11-10,Paraguay,Ecuador,1,0,FIFA World Cup qualification,Asunción,Paraguay,0,1,1,0,44.0,PAR,32.0,ECU,12.0
1996-11-10,Peru,Venezuela,4,1,FIFA World Cup qualification,Lima,Peru,0,3,1,0,57.0,PER,106.0,VEN,-49.0
1996-11-12,Chile,Uruguay,1,0,FIFA World Cup qualification,Santiago,Chile,0,1,1,0,26.0,CHI,50.0,URU,-24.0
1996-12-15,Argentina,Chile,1,1,FIFA World Cup qualification,Buenos Aires,Argentina,0,0,0,0,19.0,ARG,26.0,CHI,-7.0
1996-12-15,Bolivia,Paraguay,0,0,FIFA World Cup qualification,La Paz,Bolivia,0,0,0,0,41.0,BOL,39.0,PAR,2.0
1996-12-15,Uruguay,Peru,2,0,FIFA World Cup qualification,Montevideo,Uruguay,0,2,1,0,54.0,URU,53.0,PER,1.0
1996-12-15,Venezuela,Colombia,0,2,FIFA World Cup qualification,San Cristóbal,Venezuela,0,-2,0,1,110.0,VEN,7.0,COL,103.0
1997-01-12,Bolivia,Ecuador,2,0,FIFA World Cup qualification,La Paz,Bolivia,0,2,1,0,39.0,BOL,33.0,ECU,6.0
1997-01-12,Peru,Chile,2,1,FIFA World Cup qualification,Lima,Peru,0,1,1,0,54.0,PER,26.0,CHI,28.0
1997-01-12,Uruguay,Argentina,0,0,FIFA World Cup qualification,Montevideo,Uruguay,0,0,0,0,43.0,URU,22.0,ARG,21.0
1997-01-12,Venezuela,Paraguay,0,2,FIFA World Cup qualification,Mérida,Venezuela,0,-2,0,1,111.0,VEN,38.0,PAR,73.0
1997-02-12,Bolivia,Chile,1,1,FIFA World Cup qualification,La Paz,Bolivia,0,0,0,0,39.0,BOL,26.0,CHI,13.0
1997-02-12,Colombia,Argentina,0,1,FIFA World Cup qualification,Barranquilla,Colombia,0,-1,0,1,4.0,COL,22.0,ARG,-18.0
1997-02-12,Ecuador,Uruguay,4,0,FIFA World Cup qualification,Quito,Ecuador,0,4,1,0,33.0,ECU,43.0,URU,-10.0
1997-02-12,Paraguay,Peru,2,1,FIFA World Cup qualification,Asunción,Paraguay,0,1,1,0,38.0,PAR,54.0,PER,-16.0
1997-04-02,Bolivia,Argentina,2,1,FIFA World Cup qualification,La Paz,Bolivia,0,1,1,0,37.0,BOL,18.0,ARG,19.0
1997-04-02,Brasil,Chile,4,0,Friendly,Brasília,Brasil,0,4,1,0,1.0,BRA,21.0,CHI,-20.0
1997-04-02,Paraguay,Colombia,2,1,FIFA World Cup qualification,Asunción,Paraguay,0,1,1,0,31.0,PAR,5.0,COL,26.0
1997-04-02,Peru,Ecuador,1,1,FIFA World Cup qualification,Lima,Peru,0,0,0,0,45.0,PER,35.0,ECU,10.0
1997-04-02,Uruguay,Venezuela,3,1,FIFA World Cup qualification,Montevideo,Uruguay,0,2,1,0,43.0,URU,112.0,VEN,-69.0
1997-04-29,Chile,Venezuela,6,0,FIFA World Cup qualification,Santiago,Chile,0,6,1,0,26.0,CHI,109.0,VEN,-83.0
1997-04-30,Argentina,Ecuador,2,1,FIFA World Cup qualification,Buenos Aires,Argentina,0,1,1,0,19.0,ARG,35.0,ECU,-16.0
1997-04-30,Colombia,Peru,0,1,FIFA World Cup qualification,Barranquilla,Colombia,0,-1,0,1,8.0,COL,45.0,PER,-37.0
1997-04-30,Paraguay,Uruguay,3,1,FIFA World Cup qualification,Asunción,Paraguay,0,2,1,0,23.0,PAR,42.0,URU,-19.0
1997-06-08,Argentina,Peru,2,0,FIFA World Cup qualification,Buenos Aires,Argentina,0,2,1,0,21.0,ARG,39.0,PER,-18.0
1997-06-08,Ecuador,Chile,1,1,FIFA World Cup qualification,Quito,Ecuador,0,0,0,0,40.0,ECU,27.0,CHI,13.0
1997-06-08,Uruguay,Colombia,1,1,FIFA World Cup qualification,Montevideo,Uruguay,0,0,0,0,54.0,URU,11.0,COL,43.0
1997-06-08,Venezuela,Bolivia,1,1,FIFA World Cup qualification,Valera,Venezuela,0,0,0,0,113.0,VEN,32.0,BOL,81.0
1997-06-11,Argentina,Ecuador,0,0,Copa América,Cochabamba,Bolivia,1,0,0,0,21.0,ARG,40.0,ECU,-19.0
1997-06-11,Chile,Paraguay,0,1,Copa América,Cochabamba,Bolivia,1,-1,0,1,27.0,CHI,22.0,PAR,5.0
1997-06-12,Bolivia,Venezuela,1,0,Copa América,La Paz,Bolivia,0,1,1,0,32.0,BOL,113.0,VEN,-81.0
1997-06-12,Peru,Uruguay,1,0,Copa América,Sucre,Bolivia,1,1,1,0,39.0,PER,54.0,URU,-15.0
1997-06-14,Argentina,Chile,2,0,Copa América,Cochabamba,Bolivia,1,2,1,0,21.0,ARG,27.0,CHI,-6.0
1997-06-14,Paraguay,Ecuador,0,2,Copa América,Cochabamba,Bolivia,1,-2,0,1,22.0,PAR,40.0,ECU,-18.0
1997-06-15,Bolivia,Peru,2,0,Copa América,La Paz,Bolivia,0,2,1,0,32.0,BOL,39.0,PER,-7.0
1997-06-15,Uruguay,Venezuela,2,0,Copa América,Sucre,Bolivia,1,2,1,0,54.0,URU,113.0,VEN,-59.0
1997-06-17,Argentina,Paraguay,1,1,Copa América,Cochabamba,Bolivia,1,0,0,0,21.0,ARG,22.0,PAR,-1.0
1997-06-17,Chile,Ecuador,1,2,Copa América,Cochabamba,Bolivia,1,-1,0,1,27.0,CHI,40.0,ECU,-13.0
1997-06-18,Bolivia,Uruguay,1,0,Copa América,La Paz,Bolivia,0,1,1,0,34.0,BOL,51.0,URU,-17.0
1997-06-18,Peru,Venezuela,2,0,Copa América,Sucre,Bolivia,1,2,1,0,39.0,PER,111.0,VEN,-72.0
1997-06-19,Brasil,Colombia,2,0,Copa América,Santa Cruz,Bolivia,1,2,1,0,1.0,BRA,13.0,COL,-12.0
1997-06-21,Bolivia,Colombia,2,1,Copa América,La Paz,Bolivia,0,1,1,0,34.0,BOL,13.0,COL,21.0
1997-06-21,Peru,Argentina,2,1,Copa América,Sucre,Bolivia,1,1,1,0,39.0,PER,16.0,ARG,23.0
1997-06-22,Brasil,Paraguay,2,0,Copa América,Santa Cruz,Bolivia,1,2,1,0,1.0,BRA,24.0,PAR,-23.0
1997-06-26,Brasil,Peru,7,0,Copa América,Santa Cruz,Bolivia,1,7,1,0,1.0,BRA,39.0,PER,-38.0
1997-06-29,Bolivia,Brasil,1,3,Copa América,La Paz,Bolivia,0,-2,0,1,34.0,BOL,1.0,BRA,33.0
1997-07-05,Chile,Colombia,4,1,FIFA World Cup qualification,Santiago,Chile,0,3,1,0,27.0,CHI,13.0,COL,14.0
1997-07-06,Paraguay,Argentina,1,2,FIFA World Cup qualification,Asunción,Paraguay,0,-1,0,1,24.0,PAR,16.0,ARG,8.0
1997-07-06,Peru,Bolivia,2,1,FIFA World Cup qualification,Lima,Peru,0,1,1,0,39.0,PER,34.0,BOL,5.0
1997-07-06,Venezuela,Ecuador,1,1,FIFA World Cup qualification,Maracaibo,Venezuela,0,0,0,0,111.0,VEN,38.0,ECU,73.0
1997-07-20,Argentina,Venezuela,2,0,FIFA World Cup qualification,Buenos Aires,Argentina,0,2,1,0,13.0,ARG,106.0,VEN,-93.0
1997-07-20,Bolivia,Uruguay,1,0,FIFA World Cup qualification,La Paz,Bolivia,0,1,1,0,18.0,BOL,44.0,URU,-26.0
1997-07-20,Chile,Paraguay,2,1,FIFA World Cup qualification,Santiago,Chile,0,1,1,0,27.0,CHI,23.0,PAR,4.0
1997-07-20,Colombia,Ecuador,1,0,FIFA World Cup qualification,Barranquilla,Colombia,0,1,1,0,12.0,COL,30.0,ECU,-18.0
1997-08-13,Japon,Brasil,0,3,Friendly,Osaka,Japon,0,-3,0,1,17.0,JPN,1.0,BRA,16.0
1997-08-20,Colombia,Bolivia,3,0,FIFA World Cup qualification,Barranquilla,Colombia,0,3,1,0,10.0,COL,18.0,BOL,-8.0
1997-08-20,Ecuador,Paraguay,2,1,FIFA World Cup qualification,Quito,Ecuador,0,1,1,0,29.0,ECU,27.0,PAR,2.0
1997-08-20,Uruguay,Chile,1,0,FIFA World Cup qualification,Montevideo,Uruguay,0,1,1,0,50.0,URU,23.0,CHI,27.0
1997-08-20,Venezuela,Peru,0,3,FIFA World Cup qualification,Barinas,Venezuela,0,-3,0,1,109.0,VEN,36.0,PER,73.0
1997-08-24,Peru,Colombia,2,1,Friendly,Lima,Peru,0,1,1,0,36.0,PER,10.0,COL,26.0
1997-09-10,Brasil,Ecuador,4,2,Friendly,Salvador,Brasil,0,2,1,0,1.0,BRA,29.0,ECU,-28.0
1997-09-10,Chile,Argentina,1,2,FIFA World Cup qualification,Santiago,Chile,0,-1,0,1,23.0,CHI,13.0,ARG,10.0
1997-09-10,Colombia,Venezuela,1,0,FIFA World Cup qualification,Barranquilla,Colombia,0,1,1,0,10.0,COL,109.0,VEN,-99.0
1997-09-10,Paraguay,Bolivia,2,1,FIFA World Cup qualification,Asunción,Paraguay,0,1,1,0,27.0,PAR,18.0,BOL,9.0
1997-09-10,Peru,Uruguay,2,1,FIFA World Cup qualification,Lima,Peru,0,1,1,0,36.0,PER,50.0,URU,-14.0
1997-10-12,Argentina,Uruguay,0,0,FIFA World Cup qualification,Buenos Aires,Argentina,0,0,0,0,10.0,ARG,47.0,URU,-37.0
1997-10-12,Ecuador,Bolivia,1,0,FIFA World Cup qualification,Guayaquil,Ecuador,0,1,1,0,30.0,ECU,23.0,BOL,7.0
1997-10-12,Paraguay,Venezuela,1,0,FIFA World Cup qualification,Asunción,Paraguay,0,1,1,0,28.0,PAR,110.0,VEN,-82.0
1997-10-12,Peru,Chile,0,4,FIFA World Cup qualification,Lima,Peru,0,-4,0,1,34.0,PER,29.0,CHI,5.0
1997-11-16,Argentina,Colombia,1,1,FIFA World Cup qualification,Buenos Aires,Argentina,0,0,0,0,13.0,ARG,11.0,COL,2.0
1997-11-16,Chile,Bolivia,3,0,FIFA World Cup qualification,Santiago,Chile,0,3,1,0,27.0,CHI,22.0,BOL,5.0
1997-11-16,Peru,Paraguay,1,0,FIFA World Cup qualification,Lima,Peru,0,1,1,0,38.0,PER,28.0,PAR,10.0
1997-11-16,Uruguay,Ecuador,5,3,FIFA World Cup qualification,Maldonado,Uruguay,0,2,1,0,52.0,URU,31.0,ECU,21.0
1998-03-29,Colombia,Paraguay,1,1,Friendly,New Haven,USA,1,0,0,0,17.0,COL,30.0,PAR,-13.0
1998-04-22,Chile,Colombia,2,2,Friendly,Santiago,Chile,0,0,0,0,6.0,CHI,13.0,COL,-7.0
1998-04-29,Brasil,Argentina,0,1,Friendly,Rio de Janeiro,Brasil,0,-1,0,1,1.0,BRA,7.0,ARG,-6.0
1998-05-17,Japon,Paraguay,1,1,Kirin Cup,Tokyo,Japon,0,0,0,0,11.0,JPN,29.0,PAR,-18.0
1998-05-19,Argentina,Chile,1,0,Friendly,Mendoza,Argentina,0,1,1,0,7.0,ARG,6.0,CHI,1.0
1998-05-24,Chile,Uruguay,2,2,Friendly,Santiago,Chile,0,0,0,0,9.0,CHI,38.0,URU,-29.0
1998-06-14,Argentina,Japon,1,0,FIFA World Cup,Toulouse,France,1,1,1,0,6.0,ARG,12.0,JPN,-6.0
1998-06-27,Brasil,Chile,4,1,FIFA World Cup,Paris,France,1,3,1,0,1.0,BRA,9.0,CHI,-8.0
1998-10-14,Brasil,Ecuador,5,1,Friendly,Washington,USA,1,4,1,0,1.0,BRA,51.0,ECU,-50.0
1999-02-03,Venezuela,Argentina,0,2,Friendly,Maracaibo,Venezuela,0,-2,0,1,126.0,VEN,6.0,ARG,120.0
1999-02-10,Peru,Ecuador,1,2,Friendly,Lima,Peru,0,-1,0,1,62.0,PER,61.0,ECU,1.0
1999-02-17,Ecuador,Peru,1,2,Friendly,Guayaquil,Ecuador,0,-1,0,1,61.0,ECU,62.0,PER,-1.0
1999-03-07,Bolivia,Paraguay,0,3,Friendly,Guatemala,Guatemala,1,-3,0,1,59.0,BOL,22.0,PAR,37.0
1999-03-30,Venezuela,Colombia,0,0,Friendly,Maracaibo,Venezuela,0,0,0,0,126.0,VEN,28.0,COL,98.0
1999-03-31,Japon,Brasil,0,2,Friendly,Tokyo,Japon,0,-2,0,1,37.0,JPN,1.0,BRA,36.0
1999-04-15,Venezuela,Colombia,1,1,Friendly,Caracas,Venezuela,0,0,0,0,126.0,VEN,28.0,COL,98.0
1999-04-22,Paraguay,Colombia,0,2,Friendly,Luque,Paraguay,0,-2,0,1,20.0,PAR,30.0,COL,-10.0
1999-04-28,Bolivia,Chile,1,1,Friendly,Cochabamba,Bolivia,0,0,0,0,52.0,BOL,21.0,CHI,31.0
1999-06-06,Japon,Peru,0,0,Kirin Cup,Yokohama,Japon,0,0,0,0,41.0,JPN,66.0,PER,-25.0
1999-06-15,Venezuela,Ecuador,3,2,Friendly,San Cristóbal,Venezuela,0,1,1,0,118.0,VEN,55.0,ECU,63.0
1999-06-17,Colombia,Peru,3,3,Friendly,Manizales,Colombia,0,0,0,0,32.0,COL,66.0,PER,-34.0
1999-06-17,Paraguay,Uruguay,2,3,Friendly,Ciudad del Este,Paraguay,0,-1,0,1,21.0,PAR,74.0,URU,-53.0
1999-06-20,Chile,Bolivia,1,0,Friendly,Santiago,Chile,0,1,1,0,29.0,CHI,53.0,BOL,-24.0
1999-06-20,Venezuela,Peru,3,0,Friendly,Valencia,Venezuela,0,3,1,0,115.0,VEN,66.0,PER,49.0
1999-06-23,Peru,Venezuela,3,0,Friendly,Lima,Peru,0,3,1,0,66.0,PER,115.0,VEN,-49.0
1999-06-24,Paraguay,Colombia,2,1,Friendly,Asunción,Paraguay,0,1,1,0,21.0,PAR,32.0,COL,-11.0
1999-06-29,Paraguay,Bolivia,0,0,Copa América,Asunción,Paraguay,0,0,0,0,21.0,PAR,53.0,BOL,-32.0
1999-06-29,Peru,Japon,3,2,Copa América,Asunción,Paraguay,1,1,1,0,66.0,PER,42.0,JPN,24.0
1999-06-30,Brasil,Venezuela,7,0,Copa América,Ciudad del Este,Paraguay,1,7,1,0,1.0,BRA,115.0,VEN,-114.0
1999-07-01,Argentina,Ecuador,3,1,Copa América,Luque,Paraguay,1,2,1,0,8.0,ARG,49.0,ECU,-41.0
1999-07-01,Uruguay,Colombia,0,1,Copa América,Asunción,Paraguay,1,-1,0,1,74.0,URU,32.0,COL,42.0
1999-07-02,Paraguay,Japon,4,0,Copa América,Asunción,Paraguay,0,4,1,0,21.0,PAR,42.0,JPN,-21.0
1999-07-02,Peru,Bolivia,1,0,Copa América,Asunción,Paraguay,1,1,1,0,66.0,PER,53.0,BOL,13.0
1999-07-03,Chile,Venezuela,3,0,Copa América,Ciudad del Este,Paraguay,1,3,1,0,29.0,CHI,115.0,VEN,-86.0
1999-07-04,Argentina,Colombia,0,3,Copa América,Luque,Paraguay,1,-3,0,1,8.0,ARG,32.0,COL,-24.0
1999-07-04,Uruguay,Ecuador,2,1,Copa América,Luque,Paraguay,1,1,1,0,74.0,URU,49.0,ECU,25.0
1999-07-05,Bolivia,Japon,1,1,Copa América,Pedro Juan Caballero,Paraguay,1,0,0,0,53.0,BOL,42.0,JPN,11.0
1999-07-05,Paraguay,Peru,1,0,Copa América,Pedro Juan Caballero,Paraguay,0,1,1,0,21.0,PAR,66.0,PER,-45.0
1999-07-06,Brasil,Chile,1,0,Copa América,Ciudad del Este,Paraguay,1,1,1,0,1.0,BRA,29.0,CHI,-28.0
1999-07-07,Colombia,Ecuador,2,1,Copa América,Luque,Paraguay,1,1,1,0,32.0,COL,49.0,ECU,-17.0
1999-07-07,Uruguay,Argentina,0,2,Copa América,Luque,Paraguay,1,-2,0,1,74.0,URU,8.0,ARG,66.0
1999-07-10,Paraguay,Uruguay,1,1,Copa América,Asunción,Paraguay,0,0,0,0,21.0,PAR,74.0,URU,-53.0
1999-07-11,Brasil,Argentina,2,1,Copa América,Ciudad del Este,Paraguay,1,1,1,0,1.0,BRA,8.0,ARG,-7.0
1999-07-11,Chile,Colombia,3,2,Copa América,Luque,Paraguay,1,1,1,0,29.0,CHI,32.0,COL,-3.0
1999-07-13,Uruguay,Chile,1,1,Copa América,Asunción,Paraguay,1,0,0,0,74.0,URU,29.0,CHI,45.0
1999-07-18,Brasil,Uruguay,3,0,Copa América,Asunción,Paraguay,1,3,1,0,1.0,BRA,74.0,URU,-73.0
1999-08-25,Bolivia,Venezuela,0,0,Friendly,Sucre,Bolivia,0,0,0,0,52.0,BOL,110.0,VEN,-58.0
1999-09-04,Argentina,Brasil,2,0,Friendly,Buenos Aires,Argentina,0,2,1,0,6.0,ARG,1.0,BRA,5.0
1999-09-07,Brasil,Argentina,4,2,Friendly,Porto Alegre,Brasil,0,2,1,0,1.0,BRA,6.0,ARG,-5.0
1999-09-08,Uruguay,Venezuela,2,0,Friendly,Montevideo,Uruguay,0,2,1,0,43.0,URU,110.0,VEN,-67.0
1999-10-12,Uruguay,Ecuador,0,0,Friendly,Montevideo,Uruguay,0,0,0,0,41.0,URU,60.0,ECU,-19.0
1999-10-13,Argentina,Colombia,2,1,Friendly,Córdoba,Argentina,0,1,1,0,8.0,ARG,26.0,COL,-18.0
1999-11-03,Bolivia,Paraguay,0,0,Copa Paz del Chaco,Buenos Aires,Argentina,1,0,0,0,57.0,BOL,18.0,PAR,39.0
1999-11-17,Uruguay,Paraguay,0,1,Friendly,Maldonado,Uruguay,0,-1,0,1,42.0,URU,18.0,PAR,24.0
2000-02-23,Colombia,Peru,2,1,Gold Cup,San Diego,USA,1,1,1,0,24.0,COL,44.0,PER,-20.0
2000-03-16,Venezuela,Bolivia,0,0,Friendly,Maracaibo,Venezuela,0,0,0,0,113.0,VEN,69.0,BOL,44.0
2000-03-28,Colombia,Brasil,0,0,FIFA World Cup qualification,Bogotá,Colombia,0,0,0,0,17.0,COL,1.0,BRA,16.0
2000-03-29,Argentina,Chile,4,1,FIFA World Cup qualification,Buenos Aires,Argentina,0,3,1,0,7.0,ARG,24.0,CHI,-17.0
2000-03-29,Ecuador,Venezuela,2,0,FIFA World Cup qualification,Quito,Ecuador,0,2,1,0,72.0,ECU,113.0,VEN,-41.0
2000-03-29,Peru,Paraguay,2,0,FIFA World Cup qualification,Lima,Peru,0,2,1,0,43.0,PER,18.0,PAR,25.0
2000-03-29,Uruguay,Bolivia,1,0,FIFA World Cup qualification,Montevideo,Uruguay,0,1,1,0,44.0,URU,69.0,BOL,-25.0
2000-04-26,Bolivia,Colombia,1,1,FIFA World Cup qualification,La Paz,Bolivia,0,0,0,0,69.0,BOL,17.0,COL,52.0
2000-04-26,Brasil,Ecuador,3,2,FIFA World Cup qualification,São Paulo,Brasil,0,1,1,0,1.0,BRA,71.0,ECU,-70.0
2000-04-26,Chile,Peru,1,1,FIFA World Cup qualification,Santiago,Chile,0,0,0,0,23.0,CHI,39.0,PER,-16.0
2000-04-26,Paraguay,Uruguay,1,0,FIFA World Cup qualification,Asunción,Paraguay,0,1,1,0,19.0,PAR,42.0,URU,-23.0
2000-04-26,Venezuela,Argentina,0,4,FIFA World Cup qualification,Maracaibo,Venezuela,0,-4,0,1,115.0,VEN,6.0,ARG,109.0
2000-06-03,Paraguay,Ecuador,3,1,FIFA World Cup qualification,Asunción,Paraguay,0,2,1,0,17.0,PAR,71.0,ECU,-54.0
2000-06-03,Uruguay,Chile,2,1,FIFA World Cup qualification,Montevideo,Uruguay,0,1,1,0,44.0,URU,22.0,CHI,22.0
2000-06-04,Argentina,Bolivia,1,0,FIFA World Cup qualification,Buenos Aires,Argentina,0,1,1,0,5.0,ARG,67.0,BOL,-62.0
2000-06-04,Colombia,Venezuela,3,0,FIFA World Cup qualification,Bogotá,Colombia,0,3,1,0,18.0,COL,117.0,VEN,-99.0
2000-06-04,Peru,Brasil,0,1,FIFA World Cup qualification,Lima,Peru,0,-1,0,1,36.0,PER,1.0,BRA,35.0
2000-06-18,Japon,Bolivia,2,0,Kirin Cup,Yokohama,Japon,0,2,1,0,57.0,JPN,67.0,BOL,-10.0
2000-06-28,Brasil,Uruguay,1,1,FIFA World Cup qualification,Rio de Janeiro,Brasil,0,0,0,0,1.0,BRA,43.0,URU,-42.0
2000-06-28,Venezuela,Bolivia,4,2,FIFA World Cup qualification,San Cristóbal,Venezuela,0,2,1,0,115.0,VEN,67.0,BOL,48.0
2000-06-29,Chile,Paraguay,3,1,FIFA World Cup qualification,Santiago,Chile,0,2,1,0,23.0,CHI,17.0,PAR,6.0
2000-06-29,Colombia,Argentina,1,3,FIFA World Cup qualification,Bogotá,Colombia,0,-2,0,1,18.0,COL,5.0,ARG,13.0
2000-06-29,Ecuador,Peru,2,1,FIFA World Cup qualification,Quito,Ecuador,0,1,1,0,71.0,ECU,36.0,PER,35.0
2000-07-18,Paraguay,Brasil,2,1,FIFA World Cup qualification,Asunción,Paraguay,0,1,1,0,19.0,PAR,1.0,BRA,18.0
2000-07-18,Uruguay,Venezuela,3,1,FIFA World Cup qualification,Montevideo,Uruguay,0,2,1,0,35.0,URU,113.0,VEN,-78.0
2000-07-19,Argentina,Ecuador,2,0,FIFA World Cup qualification,Buenos Aires,Argentina,0,2,1,0,5.0,ARG,66.0,ECU,-61.0
2000-07-19,Bolivia,Chile,1,0,FIFA World Cup qualification,La Paz,Bolivia,0,1,1,0,72.0,BOL,22.0,CHI,50.0
2000-07-19,Peru,Colombia,0,1,FIFA World Cup qualification,Lima,Peru,0,-1,0,1,44.0,PER,17.0,COL,27.0
2000-07-25,Ecuador,Colombia,0,0,FIFA World Cup qualification,Quito,Ecuador,0,0,0,0,66.0,ECU,17.0,COL,49.0
2000-07-25,Venezuela,Chile,0,2,FIFA World Cup qualification,San Cristóbal,Venezuela,0,-2,0,1,113.0,VEN,22.0,CHI,91.0
2000-07-26,Brasil,Argentina,3,1,FIFA World Cup qualification,São Paulo,Brasil,0,2,1,0,1.0,BRA,5.0,ARG,-4.0
2000-07-26,Uruguay,Peru,0,0,FIFA World Cup qualification,Montevideo,Uruguay,0,0,0,0,35.0,URU,44.0,PER,-9.0
2000-07-27,Bolivia,Paraguay,0,0,FIFA World Cup qualification,La Paz,Bolivia,0,0,0,0,72.0,BOL,19.0,PAR,53.0
2000-08-15,Chile,Brasil,3,0,FIFA World Cup qualification,Santiago,Chile,0,3,1,0,22.0,CHI,1.0,BRA,21.0
2000-08-15,Colombia,Uruguay,1,0,FIFA World Cup qualification,Bogotá,Colombia,0,1,1,0,17.0,COL,36.0,URU,-19.0
2000-08-16,Argentina,Paraguay,1,1,FIFA World Cup qualification,Buenos Aires,Argentina,0,0,0,0,3.0,ARG,16.0,PAR,-13.0
2000-08-16,Ecuador,Bolivia,2,0,FIFA World Cup qualification,Quito,Ecuador,0,2,1,0,65.0,ECU,70.0,BOL,-5.0
2000-08-16,Peru,Venezuela,1,0,FIFA World Cup qualification,Lima,Peru,0,1,1,0,43.0,PER,113.0,VEN,-70.0
2000-09-02,Chile,Colombia,0,1,FIFA World Cup qualification,Santiago,Chile,0,-1,0,1,22.0,CHI,17.0,COL,5.0
2000-09-02,Paraguay,Venezuela,3,0,FIFA World Cup qualification,Asunción,Paraguay,0,3,1,0,16.0,PAR,113.0,VEN,-97.0
2000-09-03,Brasil,Bolivia,5,0,FIFA World Cup qualification,Rio de Janeiro,Brasil,0,5,1,0,1.0,BRA,70.0,BOL,-69.0
2000-09-03,Peru,Argentina,1,2,FIFA World Cup qualification,Lima,Peru,0,-1,0,1,43.0,PER,3.0,ARG,40.0
2000-09-03,Uruguay,Ecuador,4,0,FIFA World Cup qualification,Montevideo,Uruguay,0,4,1,0,36.0,URU,65.0,ECU,-29.0
2000-10-07,Colombia,Paraguay,0,2,FIFA World Cup qualification,Bogotá,Colombia,0,-2,0,1,17.0,COL,16.0,PAR,1.0
2000-10-08,Argentina,Uruguay,2,1,FIFA World Cup qualification,Buenos Aires,Argentina,0,1,1,0,3.0,ARG,32.0,URU,-29.0
2000-10-08,Bolivia,Peru,1,0,FIFA World Cup qualification,La Paz,Bolivia,0,1,1,0,70.0,BOL,40.0,PER,30.0
2000-10-08,Ecuador,Chile,1,0,FIFA World Cup qualification,Quito,Ecuador,0,1,1,0,60.0,ECU,20.0,CHI,40.0
2000-10-08,Venezuela,Brasil,0,6,FIFA World Cup qualification,Maracaibo,Venezuela,0,-6,0,1,107.0,VEN,1.0,BRA,106.0
2000-10-20,Japon,Qatar,1,1,AFC Asian Cup,Beirut,Lebanon,1,0,0,0,49.0,JPN,96.0,QAT,-47.0
2000-11-15,Bolivia,Uruguay,0,0,FIFA World Cup qualification,La Paz,Bolivia,0,0,0,0,66.0,BOL,36.0,URU,30.0
2000-11-15,Brasil,Colombia,1,0,FIFA World Cup qualification,São Paulo,Brasil,0,1,1,0,1.0,BRA,15.0,COL,-14.0
2000-11-15,Chile,Argentina,0,2,FIFA World Cup qualification,Santiago,Chile,0,-2,0,1,19.0,CHI,3.0,ARG,16.0
2000-11-15,Paraguay,Peru,5,1,FIFA World Cup qualification,Asunción,Paraguay,0,4,1,0,12.0,PAR,45.0,PER,-33.0
2000-11-15,Venezuela,Ecuador,1,2,FIFA World Cup qualification,Maracaibo,Venezuela,0,-1,0,1,111.0,VEN,58.0,ECU,53.0
2001-03-27,Colombia,Bolivia,2,0,FIFA World Cup qualification,Bogotá,Colombia,0,2,1,0,15.0,COL,66.0,BOL,-51.0
2001-03-27,Peru,Chile,3,1,FIFA World Cup qualification,Lima,Peru,0,2,1,0,48.0,PER,22.0,CHI,26.0
2001-03-28,Argentina,Venezuela,5,0,FIFA World Cup qualification,Buenos Aires,Argentina,0,5,1,0,3.0,ARG,111.0,VEN,-108.0
2001-03-28,Ecuador,Brasil,1,0,FIFA World Cup qualification,Quito,Ecuador,0,1,1,0,53.0,ECU,1.0,BRA,52.0
2001-03-28,Uruguay,Paraguay,0,1,FIFA World Cup qualification,Montevideo,Uruguay,0,-1,0,1,34.0,URU,8.0,PAR,26.0
2001-04-24,Chile,Uruguay,0,1,FIFA World Cup qualification,Santiago,Chile,0,-1,0,1,28.0,CHI,39.0,URU,-11.0
2001-04-24,Ecuador,Paraguay,2,1,FIFA World Cup qualification,Quito,Ecuador,0,1,1,0,51.0,ECU,9.0,PAR,42.0
2001-04-24,Venezuela,Colombia,2,2,FIFA World Cup qualification,San Cristóbal,Venezuela,0,0,0,0,113.0,VEN,15.0,COL,98.0
2001-04-25,Bolivia,Argentina,3,3,FIFA World Cup qualification,La Paz,Bolivia,0,0,0,0,70.0,BOL,3.0,ARG,67.0
2001-04-25,Brasil,Peru,1,1,FIFA World Cup qualification,São Paulo,Brasil,0,0,0,0,1.0,BRA,50.0,PER,-49.0
2001-06-02,Paraguay,Chile,1,0,FIFA World Cup qualification,Asunción,Paraguay,0,1,1,0,10.0,PAR,32.0,CHI,-22.0
2001-06-02,Peru,Ecuador,1,2,FIFA World Cup qualification,Lima,Peru,0,-1,0,1,51.0,PER,45.0,ECU,6.0
2001-06-03,Argentina,Colombia,3,0,FIFA World Cup qualification,Buenos Aires,Argentina,0,3,1,0,3.0,ARG,16.0,COL,-13.0
2001-06-03,Bolivia,Venezuela,5,0,FIFA World Cup qualification,La Paz,Bolivia,0,5,1,0,75.0,BOL,112.0,VEN,-37.0
2001-06-04,Japon,Brasil,0,0,Confederations Cup,Kashima,Japon,0,0,0,0,44.0,JPN,2.0,BRA,42.0
2001-07-01,Japon,Paraguay,2,0,Kirin Cup,Sapporo,Japon,0,2,1,0,33.0,JPN,10.0,PAR,23.0
2001-07-01,Uruguay,Brasil,1,0,FIFA World Cup qualification,Montevideo,Uruguay,0,1,1,0,40.0,URU,2.0,BRA,38.0
2001-07-11,Colombia,Venezuela,2,0,Copa América,Barranquilla,Colombia,0,2,1,0,18.0,COL,112.0,VEN,-94.0
2001-07-11,Ecuador,Chile,1,4,Copa América,Barranquilla,Colombia,1,-3,0,1,44.0,ECU,35.0,CHI,9.0
2001-07-12,Peru,Paraguay,3,3,Copa América,Cali,Colombia,1,0,0,0,57.0,PER,10.0,PAR,47.0
2001-07-13,Bolivia,Uruguay,0,1,Copa América,Medellín,Colombia,1,-1,0,1,66.0,BOL,40.0,URU,26.0
2001-07-14,Chile,Venezuela,1,0,Copa América,Barranquilla,Colombia,1,1,1,0,35.0,CHI,112.0,VEN,-77.0
2001-07-14,Colombia,Ecuador,1,0,Copa América,Barranquilla,Colombia,0,1,1,0,18.0,COL,44.0,ECU,-26.0
2001-07-15,Brasil,Peru,2,0,Copa América,Cali,Colombia,1,2,1,0,2.0,BRA,57.0,PER,-55.0
2001-07-17,Colombia,Chile,2,0,Copa América,Barranquilla,Colombia,0,2,1,0,18.0,COL,35.0,CHI,-17.0
2001-07-17,Ecuador,Venezuela,4,0,Copa América,Barranquilla,Colombia,1,4,1,0,44.0,ECU,112.0,VEN,-68.0
2001-07-18,Brasil,Paraguay,3,1,Copa América,Cali,Colombia,1,2,1,0,2.0,BRA,8.0,PAR,-6.0
2001-07-23,Colombia,Peru,3,0,Copa América,Armenia,Colombia,0,3,1,0,14.0,COL,53.0,PER,-39.0
2001-08-14,Chile,Bolivia,2,2,FIFA World Cup qualification,Santiago,Chile,0,0,0,0,31.0,CHI,69.0,BOL,-38.0
2001-08-14,Venezuela,Uruguay,2,0,FIFA World Cup qualification,Maracaibo,Venezuela,0,2,1,0,116.0,VEN,30.0,URU,86.0
2001-08-15,Brasil,Paraguay,2,0,FIFA World Cup qualification,Porto Alegre,Brasil,0,2,1,0,2.0,BRA,8.0,PAR,-6.0
2001-08-15,Ecuador,Argentina,0,2,FIFA World Cup qualification,Quito,Ecuador,0,-2,0,1,50.0,ECU,3.0,ARG,47.0
2001-08-16,Colombia,Peru,0,1,FIFA World Cup qualification,Bogotá,Colombia,0,-1,0,1,14.0,COL,53.0,PER,-39.0
2001-09-04,Chile,Venezuela,0,2,FIFA World Cup qualification,Santiago,Chile,0,-2,0,1,35.0,CHI,110.0,VEN,-75.0
2001-09-04,Peru,Uruguay,0,2,FIFA World Cup qualification,Lima,Peru,0,-2,0,1,43.0,PER,24.0,URU,19.0
2001-09-05,Argentina,Brasil,2,1,FIFA World Cup qualification,Buenos Aires,Argentina,0,1,1,0,3.0,ARG,2.0,BRA,1.0
2001-09-05,Colombia,Ecuador,0,0,FIFA World Cup qualification,Bogotá,Colombia,0,0,0,0,6.0,COL,47.0,ECU,-41.0
2001-09-05,Paraguay,Bolivia,5,1,FIFA World Cup qualification,Asunción,Paraguay,0,4,1,0,11.0,PAR,79.0,BOL,-68.0
2001-10-06,Bolivia,Ecuador,1,5,FIFA World Cup qualification,La Paz,Bolivia,0,-4,0,1,78.0,BOL,46.0,ECU,32.0
2001-10-06,Venezuela,Peru,3,0,FIFA World Cup qualification,San Cristóbal,Venezuela,0,3,1,0,104.0,VEN,44.0,PER,60.0
2001-10-07,Brasil,Chile,2,0,FIFA World Cup qualification,Curitiba,Brasil,0,2,1,0,2.0,BRA,37.0,CHI,-35.0
2001-10-07,Paraguay,Argentina,2,2,FIFA World Cup qualification,Asunción,Paraguay,0,0,0,0,11.0,PAR,3.0,ARG,8.0
2001-10-07,Uruguay,Colombia,1,1,FIFA World Cup qualification,Montevideo,Uruguay,0,0,0,0,21.0,URU,7.0,COL,14.0
2001-11-07,Bolivia,Brasil,3,1,FIFA World Cup qualification,La Paz,Bolivia,0,2,1,0,81.0,BOL,2.0,BRA,79.0
2001-11-07,Colombia,Chile,3,1,FIFA World Cup qualification,Bogotá,Colombia,0,2,1,0,8.0,COL,37.0,CHI,-29.0
2001-11-07,Ecuador,Uruguay,1,1,FIFA World Cup qualification,Quito,Ecuador,0,0,0,0,39.0,ECU,23.0,URU,16.0
2001-11-08,Argentina,Peru,2,0,FIFA World Cup qualification,Buenos Aires,Argentina,0,2,1,0,3.0,ARG,45.0,PER,-42.0
2001-11-08,Venezuela,Paraguay,3,1,FIFA World Cup qualification,San Cristóbal,Venezuela,0,2,1,0,89.0,VEN,13.0,PAR,76.0
2001-11-14,Brasil,Venezuela,3,0,FIFA World Cup qualification,São Luís,Brasil,0,3,1,0,2.0,BRA,89.0,VEN,-87.0
2001-11-14,Chile,Ecuador,0,0,FIFA World Cup qualification,Santiago,Chile,0,0,0,0,37.0,CHI,39.0,ECU,-2.0
2001-11-14,Paraguay,Colombia,0,4,FIFA World Cup qualification,Asunción,Paraguay,0,-4,0,1,13.0,PAR,8.0,COL,5.0
2001-11-14,Peru,Bolivia,1,1,FIFA World Cup qualification,Lima,Peru,0,0,0,0,45.0,PER,81.0,BOL,-36.0
2001-11-14,Uruguay,Argentina,1,1,FIFA World Cup qualification,Montevideo,Uruguay,0,0,0,0,23.0,URU,3.0,ARG,20.0
2002-01-31,Brasil,Bolivia,6,0,Friendly,Goiânia,Brasil,0,6,1,0,3.0,BRA,70.0,BOL,-67.0
2002-02-13,Paraguay,Bolivia,2,2,Friendly,Ciudad del Este,Paraguay,0,0,0,0,14.0,PAR,71.0,BOL,-57.0
2002-05-07,Venezuela,Colombia,0,0,Friendly,Caracas,Venezuela,0,0,0,0,83.0,VEN,4.0,COL,79.0
2002-08-21,Brasil,Paraguay,0,1,Friendly,Fortaleza,Brasil,0,-1,0,1,1.0,BRA,19.0,PAR,-18.0
2002-08-21,Venezuela,Bolivia,2,0,Friendly,Caracas,Venezuela,0,2,1,0,75.0,VEN,72.0,BOL,3.0
2002-10-20,Venezuela,Ecuador,2,0,Friendly,Caracas,Venezuela,0,2,1,0,80.0,VEN,31.0,ECU,49.0
2002-11-20,Japon,Argentina,0,2,Friendly,Saitama,Japon,0,-2,0,1,22.0,JPN,5.0,ARG,17.0
2002-11-20,Venezuela,Uruguay,1,0,Friendly,Caracas,Venezuela,0,1,1,0,77.0,VEN,23.0,URU,54.0
2003-03-28,Japon,Uruguay,2,2,Friendly,Tokyo,Japon,0,0,0,0,25.0,JPN,27.0,URU,-2.0
2003-03-30,Chile,Peru,2,0,Friendly,Santiago,Chile,0,2,1,0,77.0,CHI,85.0,PER,-8.0
2003-04-02,Peru,Chile,3,0,Friendly,Lima,Peru,0,3,1,0,85.0,PER,77.0,CHI,8.0
2003-04-30,Peru,Paraguay,0,1,Friendly,Lima,Peru,0,-1,0,1,78.0,PER,19.0,PAR,59.0
2003-06-08,Colombia,Ecuador,0,0,Friendly,Madrid,Spain,1,0,0,0,39.0,COL,33.0,ECU,6.0
2003-06-08,Japon,Argentina,1,4,Kirin Cup,Osaka,Japon,0,-3,0,1,23.0,JPN,5.0,ARG,18.0
2003-06-11,Ecuador,Peru,2,2,Friendly,East Rutherford,USA,1,0,0,0,33.0,ECU,81.0,PER,-48.0
2003-06-11,Japon,Paraguay,0,0,Kirin Cup,Saitama,Japon,0,0,0,0,23.0,JPN,19.0,PAR,4.0
2003-06-22,Japon,Colombia,0,1,Confederations Cup,Saint-Étienne,France,1,-1,0,1,23.0,JPN,39.0,COL,-16.0
2003-06-26,Peru,Venezuela,1,0,Friendly,Miami,USA,1,1,1,0,80.0,PER,55.0,VEN,25.0
2003-07-16,Argentina,Uruguay,2,2,Friendly,La Plata,Argentina,0,0,0,0,4.0,ARG,31.0,URU,-27.0
2003-07-19,Colombia,Brasil,0,2,Gold Cup,Miami,USA,1,-2,0,1,22.0,COL,1.0,BRA,21.0
2003-07-24,Peru,Uruguay,3,4,Friendly,Lima,Peru,0,-1,0,1,80.0,PER,31.0,URU,49.0
2003-07-30,Uruguay,Peru,1,0,Friendly,Montevideo,Uruguay,0,1,1,0,26.0,URU,71.0,PER,-45.0
2003-08-20,Argentina,Uruguay,3,2,Friendly,Florence,Italy,1,1,1,0,6.0,ARG,26.0,URU,-20.0
2003-09-06,Argentina,Chile,2,2,FIFA World Cup qualification,Buenos Aires,Argentina,0,0,0,0,6.0,ARG,73.0,CHI,-67.0
2003-09-06,Ecuador,Venezuela,2,0,FIFA World Cup qualification,Quito,Ecuador,0,2,1,0,37.0,ECU,60.0,VEN,-23.0
2003-09-06,Peru,Paraguay,4,1,FIFA World Cup qualification,Lima,Peru,0,3,1,0,71.0,PER,21.0,PAR,50.0
2003-09-07,Colombia,Brasil,1,2,FIFA World Cup qualification,Barranquilla,Colombia,0,-1,0,1,24.0,COL,1.0,BRA,23.0
2003-09-07,Uruguay,Bolivia,5,0,FIFA World Cup qualification,Montevideo,Uruguay,0,5,1,0,24.0,URU,114.0,BOL,-90.0
2003-09-09,Chile,Peru,2,1,FIFA World Cup qualification,Santiago,Chile,0,1,1,0,73.0,CHI,71.0,PER,2.0
2003-09-09,Venezuela,Argentina,0,3,FIFA World Cup qualification,Caracas,Venezuela,0,-3,0,1,60.0,VEN,6.0,ARG,54.0
2003-09-10,Bolivia,Colombia,4,0,FIFA World Cup qualification,La Paz,Bolivia,0,4,1,0,114.0,BOL,24.0,COL,90.0
2003-09-10,Brasil,Ecuador,1,0,FIFA World Cup qualification,Manaus,Brasil,0,1,1,0,1.0,BRA,37.0,ECU,-36.0
2003-09-10,Paraguay,Uruguay,4,1,FIFA World Cup qualification,Asunción,Paraguay,0,3,1,0,21.0,PAR,24.0,URU,-3.0
2003-11-15,Argentina,Bolivia,3,0,FIFA World Cup qualification,Buenos Aires,Argentina,0,3,1,0,4.0,ARG,95.0,BOL,-91.0
2003-11-15,Colombia,Venezuela,0,1,FIFA World Cup qualification,Barranquilla,Colombia,0,-1,0,1,36.0,COL,67.0,VEN,-31.0
2003-11-15,Paraguay,Ecuador,2,1,FIFA World Cup qualification,Asunción,Paraguay,0,1,1,0,24.0,PAR,35.0,ECU,-11.0
2003-11-15,Uruguay,Chile,2,1,FIFA World Cup qualification,Montevideo,Uruguay,0,1,1,0,22.0,URU,59.0,CHI,-37.0
2003-11-16,Peru,Brasil,1,1,FIFA World Cup qualification,Lima,Peru,0,0,0,0,72.0,PER,1.0,BRA,71.0
2003-11-18,Chile,Paraguay,0,1,FIFA World Cup qualification,Santiago,Chile,0,-1,0,1,59.0,CHI,24.0,PAR,35.0
2003-11-18,Venezuela,Bolivia,2,1,FIFA World Cup qualification,Maracaibo,Venezuela,0,1,1,0,67.0,VEN,95.0,BOL,-28.0
2003-11-19,Brasil,Uruguay,3,3,FIFA World Cup qualification,Curitiba,Brasil,0,0,0,0,1.0,BRA,20.0,URU,-19.0
2003-11-19,Colombia,Argentina,1,1,FIFA World Cup qualification,Barranquilla,Colombia,0,0,0,0,41.0,COL,4.0,ARG,37.0
2003-11-19,Ecuador,Peru,0,0,FIFA World Cup qualification,Quito,Ecuador,0,0,0,0,36.0,ECU,68.0,PER,-32.0
2004-03-30,Argentina,Ecuador,1,0,FIFA World Cup qualification,Buenos Aires,Argentina,0,1,1,0,6.0,ARG,40.0,ECU,-34.0
2004-03-30,Bolivia,Chile,0,2,FIFA World Cup qualification,La Paz,Bolivia,0,-2,0,1,103.0,BOL,80.0,CHI,23.0
2004-03-31,Paraguay,Brasil,0,0,FIFA World Cup qualification,Asunción,Paraguay,0,0,0,0,26.0,PAR,1.0,BRA,25.0
2004-03-31,Peru,Colombia,0,2,FIFA World Cup qualification,Lima,Peru,0,-2,0,1,79.0,PER,41.0,COL,38.0
2004-03-31,Uruguay,Venezuela,0,3,FIFA World Cup qualification,Montevideo,Uruguay,0,-3,0,1,23.0,URU,54.0,VEN,-31.0
2004-04-28,Chile,Peru,1,1,Friendly,Antofagasta,Chile,0,0,0,0,71.0,CHI,81.0,PER,-10.0
2004-06-01,Bolivia,Paraguay,2,1,FIFA World Cup qualification,La Paz,Bolivia,0,1,1,0,103.0,BOL,25.0,PAR,78.0
2004-06-01,Uruguay,Peru,1,3,FIFA World Cup qualification,Montevideo,Uruguay,0,-2,0,1,25.0,URU,81.0,PER,-56.0
2004-06-01,Venezuela,Chile,0,1,FIFA World Cup qualification,San Cristóbal,Venezuela,0,-1,0,1,49.0,VEN,77.0,CHI,-28.0
2004-06-02,Brasil,Argentina,3,1,FIFA World Cup qualification,Belo Horizonte,Brasil,0,2,1,0,1.0,BRA,5.0,ARG,-4.0
2004-06-02,Ecuador,Colombia,2,1,FIFA World Cup qualification,Quito,Ecuador,0,1,1,0,41.0,ECU,36.0,COL,5.0
2004-06-05,Ecuador,Bolivia,3,2,FIFA World Cup qualification,Quito,Ecuador,0,1,1,0,41.0,ECU,103.0,BOL,-62.0
2004-06-06,Argentina,Paraguay,0,0,FIFA World Cup qualification,Buenos Aires,Argentina,0,0,0,0,5.0,ARG,25.0,PAR,-20.0
2004-06-06,Chile,Brasil,1,1,FIFA World Cup qualification,Santiago,Chile,0,0,0,0,77.0,CHI,1.0,BRA,76.0
2004-06-06,Colombia,Uruguay,5,0,FIFA World Cup qualification,Barranquilla,Colombia,0,5,1,0,36.0,COL,25.0,URU,11.0
2004-06-06,Peru,Venezuela,0,0,FIFA World Cup qualification,Lima,Peru,0,0,0,0,81.0,PER,49.0,VEN,32.0
2004-06-27,Argentina,Colombia,0,2,Friendly,Miami,USA,1,-2,0,1,5.0,ARG,37.0,COL,-32.0
2004-06-30,Argentina,Peru,2,1,Friendly,East Rutherford,USA,1,1,1,0,5.0,ARG,72.0,PER,-67.0
2004-07-06,Peru,Bolivia,2,2,Copa América,Lima,Peru,0,0,0,0,72.0,PER,97.0,BOL,-25.0
2004-07-06,Venezuela,Colombia,0,1,Copa América,Lima,Peru,1,-1,0,1,50.0,VEN,37.0,COL,13.0
2004-07-07,Argentina,Ecuador,6,1,Copa América,Chiclayo,Peru,1,5,1,0,11.0,ARG,37.0,ECU,-26.0
2004-07-08,Brasil,Chile,1,0,Copa América,Arequipa,Peru,1,1,1,0,1.0,BRA,66.0,CHI,-65.0
2004-07-09,Colombia,Bolivia,1,0,Copa América,Lima,Peru,1,1,1,0,36.0,COL,99.0,BOL,-63.0
2004-07-09,Peru,Venezuela,3,1,Copa América,Lima,Peru,0,2,1,0,75.0,PER,50.0,VEN,25.0
2004-07-10,Uruguay,Ecuador,2,1,Copa América,Chiclayo,Peru,1,1,1,0,32.0,URU,37.0,ECU,-5.0
2004-07-11,Paraguay,Chile,1,1,Copa América,Arequipa,Peru,1,0,0,0,29.0,PAR,66.0,CHI,-37.0
2004-07-12,Peru,Colombia,2,2,Copa América,Trujillo,Peru,0,0,0,0,75.0,PER,36.0,COL,39.0
2004-07-12,Venezuela,Bolivia,1,1,Copa América,Trujillo,Peru,1,0,0,0,50.0,VEN,99.0,BOL,-49.0
2004-07-13,Argentina,Uruguay,4,2,Copa América,Piura,Peru,1,2,1,0,11.0,ARG,32.0,URU,-21.0
2004-07-14,Brasil,Paraguay,1,2,Copa América,Arequipa,Peru,1,-1,0,1,1.0,BRA,29.0,PAR,-28.0
2004-07-17,Peru,Argentina,0,1,Copa América,Chiclayo,Peru,0,-1,0,1,75.0,PER,11.0,ARG,64.0
2004-07-18,Paraguay,Uruguay,1,3,Copa América,Tacna,Peru,1,-2,0,1,29.0,PAR,32.0,URU,-3.0
2004-07-20,Argentina,Colombia,3,0,Copa América,Lima,Peru,1,3,1,0,11.0,ARG,36.0,COL,-25.0
2004-07-21,Uruguay,Brasil,1,1,Copa América,Lima,Peru,1,0,0,0,32.0,URU,1.0,BRA,31.0
2004-07-24,Colombia,Uruguay,1,2,Copa América,Cusco,Peru,1,-1,0,1,36.0,COL,32.0,URU,4.0
2004-07-25,Argentina,Brasil,2,2,Copa América,Lima,Peru,1,0,0,0,11.0,ARG,1.0,BRA,10.0
2004-08-18,Japon,Argentina,1,2,Friendly,Fukuroi,Japon,0,-1,0,1,20.0,JPN,4.0,ARG,16.0
2004-09-04,Peru,Argentina,1,3,FIFA World Cup qualification,Lima,Peru,0,-2,0,1,63.0,PER,4.0,ARG,59.0
2004-09-05,Brasil,Bolivia,3,1,FIFA World Cup qualification,São Paulo,Brasil,0,2,1,0,1.0,BRA,93.0,BOL,-92.0
2004-09-05,Chile,Colombia,0,0,FIFA World Cup qualification,Santiago,Chile,0,0,0,0,66.0,CHI,28.0,COL,38.0
2004-09-05,Paraguay,Venezuela,1,0,FIFA World Cup qualification,Asunción,Paraguay,0,1,1,0,23.0,PAR,55.0,VEN,-32.0
2004-09-05,Uruguay,Ecuador,1,0,FIFA World Cup qualification,Montevideo,Uruguay,0,1,1,0,19.0,URU,42.0,ECU,-23.0
2004-10-09,Argentina,Uruguay,4,2,FIFA World Cup qualification,Buenos Aires,Argentina,0,2,1,0,3.0,ARG,17.0,URU,-14.0
2004-10-09,Bolivia,Peru,1,0,FIFA World Cup qualification,La Paz,Bolivia,0,1,1,0,99.0,BOL,68.0,PER,31.0
2004-10-09,Colombia,Paraguay,1,1,FIFA World Cup qualification,Barranquilla,Colombia,0,0,0,0,28.0,COL,23.0,PAR,5.0
2004-10-09,Venezuela,Brasil,2,5,FIFA World Cup qualification,Maracaibo,Venezuela,0,-3,0,1,59.0,VEN,1.0,BRA,58.0
2004-10-10,Ecuador,Chile,2,0,FIFA World Cup qualification,Quito,Ecuador,0,2,1,0,48.0,ECU,79.0,CHI,-31.0
2004-10-12,Bolivia,Uruguay,0,0,FIFA World Cup qualification,La Paz,Bolivia,0,0,0,0,99.0,BOL,17.0,URU,82.0
2004-10-13,Brasil,Colombia,0,0,FIFA World Cup qualification,Maceió,Brasil,0,0,0,0,1.0,BRA,28.0,COL,-27.0
2004-10-13,Chile,Argentina,0,0,FIFA World Cup qualification,Santiago,Chile,0,0,0,0,79.0,CHI,3.0,ARG,76.0
2004-10-13,Paraguay,Peru,1,1,FIFA World Cup qualification,Asunción,Paraguay,0,0,0,0,23.0,PAR,68.0,PER,-45.0
2004-10-14,Venezuela,Ecuador,3,1,FIFA World Cup qualification,San Cristóbal,Venezuela,0,2,1,0,59.0,VEN,48.0,ECU,11.0
2004-11-17,Argentina,Venezuela,3,2,FIFA World Cup qualification,Buenos Aires,Argentina,0,1,1,0,3.0,ARG,52.0,VEN,-49.0
2004-11-17,Colombia,Bolivia,1,0,FIFA World Cup qualification,Barranquilla,Colombia,0,1,1,0,28.0,COL,94.0,BOL,-66.0
2004-11-17,Ecuador,Brasil,1,0,FIFA World Cup qualification,Quito,Ecuador,0,1,1,0,44.0,ECU,1.0,BRA,43.0
2004-11-17,Peru,Chile,2,1,FIFA World Cup qualification,Lima,Peru,0,1,1,0,70.0,PER,80.0,CHI,-10.0
2004-11-17,Uruguay,Paraguay,1,0,FIFA World Cup qualification,Montevideo,Uruguay,0,1,1,0,19.0,URU,24.0,PAR,-5.0
2005-02-09,Chile,Ecuador,3,0,Friendly,Viña del Mar,Chile,0,3,1,0,75.0,CHI,39.0,ECU,36.0
2005-03-26,Bolivia,Argentina,1,2,FIFA World Cup qualification,La Paz,Bolivia,0,-1,0,1,96.0,BOL,3.0,ARG,93.0
2005-03-26,Chile,Uruguay,1,1,FIFA World Cup qualification,Santiago,Chile,0,0,0,0,74.0,CHI,15.0,URU,59.0
2005-03-26,Venezuela,Colombia,0,0,FIFA World Cup qualification,Maracaibo,Venezuela,0,0,0,0,65.0,VEN,26.0,COL,39.0
2005-03-27,Brasil,Peru,1,0,FIFA World Cup qualification,Goiânia,Brasil,0,1,1,0,1.0,BRA,70.0,PER,-69.0
2005-03-27,Ecuador,Paraguay,5,2,FIFA World Cup qualification,Quito,Ecuador,0,3,1,0,36.0,ECU,28.0,PAR,8.0
2005-03-29,Bolivia,Venezuela,3,1,FIFA World Cup qualification,La Paz,Bolivia,0,2,1,0,96.0,BOL,65.0,VEN,31.0
2005-03-30,Argentina,Colombia,1,0,FIFA World Cup qualification,Buenos Aires,Argentina,0,1,1,0,3.0,ARG,26.0,COL,-23.0
2005-03-30,Paraguay,Chile,2,1,FIFA World Cup qualification,Asunción,Paraguay,0,1,1,0,28.0,PAR,74.0,CHI,-46.0
2005-03-30,Peru,Ecuador,2,2,FIFA World Cup qualification,Lima,Peru,0,0,0,0,70.0,PER,36.0,ECU,34.0
2005-03-30,Uruguay,Brasil,1,1,FIFA World Cup qualification,Montevideo,Uruguay,0,0,0,0,15.0,URU,1.0,BRA,14.0
2005-05-04,Ecuador,Paraguay,1,0,Friendly,East Rutherford,USA,1,1,1,0,34.0,ECU,28.0,PAR,6.0
2005-05-22,Japon,Peru,0,1,Kirin Cup,Niigata,Japon,0,-1,0,1,17.0,JPN,66.0,PER,-49.0
2005-06-04,Chile,Bolivia,3,1,FIFA World Cup qualification,Santiago,Chile,0,2,1,0,76.0,CHI,94.0,BOL,-18.0
2005-06-04,Colombia,Peru,5,0,FIFA World Cup qualification,Barranquilla,Colombia,0,5,1,0,28.0,COL,66.0,PER,-38.0
2005-06-04,Ecuador,Argentina,2,0,FIFA World Cup qualification,Quito,Ecuador,0,2,1,0,34.0,ECU,3.0,ARG,31.0
2005-06-04,Venezuela,Uruguay,1,1,FIFA World Cup qualification,Maracaibo,Venezuela,0,0,0,0,70.0,VEN,16.0,URU,54.0
2005-06-05,Brasil,Paraguay,4,1,FIFA World Cup qualification,Porto Alegre,Brasil,0,3,1,0,1.0,BRA,29.0,PAR,-28.0
2005-06-07,Peru,Uruguay,0,0,FIFA World Cup qualification,Lima,Peru,0,0,0,0,66.0,PER,16.0,URU,50.0
2005-06-08,Argentina,Brasil,3,1,FIFA World Cup qualification,Buenos Aires,Argentina,0,2,1,0,3.0,ARG,1.0,BRA,2.0
2005-06-08,Chile,Venezuela,2,1,FIFA World Cup qualification,Santiago,Chile,0,1,1,0,76.0,CHI,70.0,VEN,6.0
2005-06-08,Colombia,Ecuador,3,0,FIFA World Cup qualification,Barranquilla,Colombia,0,3,1,0,28.0,COL,34.0,ECU,-6.0
2005-06-08,Paraguay,Bolivia,4,1,FIFA World Cup qualification,Asunción,Paraguay,0,3,1,0,29.0,PAR,94.0,BOL,-65.0
2005-06-22,Japon,Brasil,2,2,Confederations Cup,Cologne,Germany,1,0,0,0,18.0,JPN,1.0,BRA,17.0
2005-06-29,Brasil,Argentina,4,1,Confederations Cup,Frankfurt am Main,Germany,1,3,1,0,1.0,BRA,3.0,ARG,-2.0
2005-08-17,Ecuador,Venezuela,3,1,Friendly,Loja,Ecuador,0,2,1,0,33.0,ECU,67.0,VEN,-34.0
2005-08-17,Peru,Chile,3,1,Friendly,Tacna,Peru,0,2,1,0,75.0,PER,73.0,CHI,2.0
2005-09-03,Bolivia,Ecuador,1,2,FIFA World Cup qualification,La Paz,Bolivia,0,-1,0,1,100.0,BOL,33.0,ECU,67.0
2005-09-03,Paraguay,Argentina,1,0,FIFA World Cup qualification,Asunción,Paraguay,0,1,1,0,35.0,PAR,2.0,ARG,33.0
2005-09-03,Venezuela,Peru,4,1,FIFA World Cup qualification,Maracaibo,Venezuela,0,3,1,0,67.0,VEN,75.0,PER,-8.0
2005-09-04,Brasil,Chile,5,0,FIFA World Cup qualification,Brasília,Brasil,0,5,1,0,1.0,BRA,73.0,CHI,-72.0
2005-09-04,Uruguay,Colombia,3,2,FIFA World Cup qualification,Montevideo,Uruguay,0,1,1,0,25.0,URU,24.0,COL,1.0
2005-10-08,Colombia,Chile,1,1,FIFA World Cup qualification,Barranquilla,Colombia,0,0,0,0,26.0,COL,76.0,CHI,-50.0
2005-10-08,Ecuador,Uruguay,0,0,FIFA World Cup qualification,Quito,Ecuador,0,0,0,0,33.0,ECU,25.0,URU,8.0
2005-10-08,Venezuela,Paraguay,0,1,FIFA World Cup qualification,Maracaibo,Venezuela,0,-1,0,1,57.0,VEN,34.0,PAR,23.0
2005-10-09,Argentina,Peru,2,0,FIFA World Cup qualification,Buenos Aires,Argentina,0,2,1,0,3.0,ARG,70.0,PER,-67.0
2005-10-09,Bolivia,Brasil,1,1,FIFA World Cup qualification,La Paz,Bolivia,0,0,0,0,100.0,BOL,1.0,BRA,99.0
2005-10-12,Brasil,Venezuela,3,0,FIFA World Cup qualification,Belém,Brasil,0,3,1,0,1.0,BRA,57.0,VEN,-56.0
2005-10-12,Chile,Ecuador,0,0,FIFA World Cup qualification,Santiago,Chile,0,0,0,0,76.0,CHI,33.0,ECU,43.0
2005-10-12,Paraguay,Colombia,0,1,FIFA World Cup qualification,Asunción,Paraguay,0,-1,0,1,34.0,PAR,26.0,COL,8.0
2005-10-12,Peru,Bolivia,4,1,FIFA World Cup qualification,Tacna,Peru,0,3,1,0,70.0,PER,100.0,BOL,-30.0
2005-10-12,Uruguay,Argentina,1,0,FIFA World Cup qualification,Montevideo,Uruguay,0,1,1,0,25.0,URU,3.0,ARG,22.0
2005-11-16,Qatar,Argentina,0,3,Friendly,Doha,Qatar,0,-3,0,1,77.0,QAT,4.0,ARG,73.0
2006-03-01,Venezuela,Colombia,1,1,Friendly,Maracaibo,Venezuela,0,0,0,0,69.0,VEN,27.0,COL,42.0
2006-03-30,Japon,Ecuador,1,0,Friendly,Ōita,Japon,0,1,1,0,18.0,JPN,38.0,ECU,-20.0
2006-05-24,Colombia,Ecuador,1,1,Friendly,East Rutherford,USA,1,0,0,0,27.0,COL,39.0,ECU,-12.0
2006-06-22,Japon,Brasil,1,4,FIFA World Cup,Dortmund,Germany,1,-3,0,1,18.0,JPN,1.0,BRA,17.0
2006-08-16,Chile,Colombia,1,2,Friendly,Santiago,Chile,0,-1,0,1,44.0,CHI,29.0,COL,15.0
2006-09-03,Argentina,Brasil,0,3,Friendly,London,England,1,-3,0,1,3.0,ARG,1.0,BRA,2.0
2006-09-06,Ecuador,Peru,1,1,Friendly,East Rutherford,USA,1,0,0,0,27.0,ECU,41.0,PER,-14.0
2006-09-27,Venezuela,Uruguay,1,0,Friendly,Maracaibo,Venezuela,0,1,1,0,80.0,VEN,15.0,URU,65.0
2006-10-07,Chile,Peru,3,2,Copa del Pacífico,Viña del Mar,Chile,0,1,1,0,45.0,CHI,46.0,PER,-1.0
2006-10-10,Brasil,Ecuador,2,1,Friendly,Solna,Sweden,1,1,1,0,1.0,BRA,30.0,ECU,-29.0
2006-10-11,Peru,Chile,0,1,Copa del Pacífico,Tacna,Peru,0,-1,0,1,46.0,PER,45.0,CHI,1.0
2006-10-18,Uruguay,Venezuela,4,0,Friendly,Montevideo,Uruguay,0,4,1,0,17.0,URU,72.0,VEN,-55.0
2006-11-15,Chile,Paraguay,3,2,Friendly,Viña del Mar,Chile,0,1,1,0,44.0,CHI,29.0,PAR,15.0
2007-02-07,Colombia,Uruguay,1,3,Friendly,Cúcuta,Colombia,0,-2,0,1,34.0,COL,30.0,URU,4.0
2007-02-07,Venezuela,Chile,0,1,Friendly,Maracaibo,Venezuela,0,-1,0,1,73.0,VEN,40.0,CHI,33.0
2007-03-24,Brasil,Chile,4,0,Friendly,Gothenburg,Sweden,1,4,1,0,3.0,BRA,32.0,CHI,-29.0
2007-03-24,Japon,Peru,2,0,Friendly,Yokohama,Japon,0,2,1,0,42.0,JPN,70.0,PER,-28.0
2007-03-28,Colombia,Paraguay,2,0,Friendly,Bogotá,Colombia,0,2,1,0,31.0,COL,29.0,PAR,2.0
2007-04-18,Argentina,Chile,0,0,Friendly,Mendoza,Argentina,0,0,0,0,2.0,ARG,37.0,CHI,-35.0
2007-06-03,Ecuador,Peru,1,2,Friendly,Madrid,Spain,1,-1,0,1,30.0,ECU,71.0,PER,-41.0
2007-06-05,Japon,Colombia,0,0,Kirin Cup,Saitama,Japon,0,0,0,0,44.0,JPN,26.0,COL,18.0
2007-06-06,Ecuador,Peru,2,0,Friendly,Barcelona,Spain,1,2,1,0,30.0,ECU,71.0,PER,-41.0
2007-06-20,Bolivia,Paraguay,0,0,Friendly,Santa Cruz,Bolivia,0,0,0,0,92.0,BOL,37.0,PAR,55.0
2007-06-23,Colombia,Ecuador,3,1,Friendly,Barranquilla,Colombia,0,2,1,0,31.0,COL,44.0,ECU,-13.0
2007-06-26,Uruguay,Peru,0,3,Copa América,Mérida,Venezuela,1,-3,0,1,30.0,URU,64.0,PER,-34.0
2007-06-26,Venezuela,Bolivia,2,2,Copa América,San Cristóbal,Venezuela,0,0,0,0,70.0,VEN,92.0,BOL,-22.0
2007-06-27,Ecuador,Chile,2,3,Copa América,Puerto Ordaz,Venezuela,1,-1,0,1,44.0,ECU,53.0,CHI,-9.0
2007-06-28,Paraguay,Colombia,5,0,Copa América,Barinas,Venezuela,1,5,1,0,37.0,PAR,31.0,COL,6.0
2007-06-30,Bolivia,Uruguay,0,1,Copa América,San Cristóbal,Venezuela,1,-1,0,1,92.0,BOL,30.0,URU,62.0
2007-06-30,Venezuela,Peru,2,0,Copa América,San Cristóbal,Venezuela,0,2,1,0,70.0,VEN,64.0,PER,6.0
2007-07-01,Brasil,Chile,3,0,Copa América,Maturín,Venezuela,1,3,1,0,3.0,BRA,53.0,CHI,-50.0
2007-07-02,Argentina,Colombia,4,2,Copa América,Maracaibo,Venezuela,1,2,1,0,5.0,ARG,31.0,COL,-26.0
2007-07-03,Peru,Bolivia,2,2,Copa América,Mérida,Venezuela,1,0,0,0,64.0,PER,92.0,BOL,-28.0
2007-07-03,Venezuela,Uruguay,0,0,Copa América,Mérida,Venezuela,0,0,0,0,70.0,VEN,30.0,URU,40.0
2007-07-04,Brasil,Ecuador,1,0,Copa América,Puerto la Cruz,Venezuela,1,1,1,0,3.0,BRA,44.0,ECU,-41.0
2007-07-05,Argentina,Paraguay,1,0,Copa América,Barquisimeto,Venezuela,1,1,1,0,5.0,ARG,37.0,PAR,-32.0
2007-07-07,Chile,Brasil,1,6,Copa América,Puerto la Cruz,Venezuela,1,-5,0,1,53.0,CHI,3.0,BRA,50.0
2007-07-07,Venezuela,Uruguay,1,4,Copa América,San Cristóbal,Venezuela,0,-3,0,1,70.0,VEN,30.0,URU,40.0
2007-07-08,Argentina,Peru,4,0,Copa América,Barquisimeto,Venezuela,1,4,1,0,5.0,ARG,64.0,PER,-59.0
2007-07-09,Japon,Qatar,1,1,AFC Asian Cup,Hanoi,Vietnam,1,0,0,0,40.0,JPN,85.0,QAT,-45.0
2007-07-10,Uruguay,Brasil,2,2,Copa América,Maracaibo,Venezuela,1,0,0,0,30.0,URU,3.0,BRA,27.0
2007-07-15,Brasil,Argentina,3,0,Copa América,Maracaibo,Venezuela,1,3,1,0,3.0,BRA,5.0,ARG,-2.0
2007-08-22,Ecuador,Bolivia,1,0,Friendly,Quito,Ecuador,0,1,1,0,55.0,ECU,68.0,BOL,-13.0
2007-08-22,Paraguay,Venezuela,1,1,Friendly,Asunción,Paraguay,0,0,0,0,31.0,PAR,56.0,VEN,-25.0
2007-09-08,Peru,Colombia,2,2,Friendly,Lima,Peru,0,0,0,0,54.0,PER,31.0,COL,23.0
2007-09-08,Venezuela,Paraguay,3,2,Friendly,Puerto Ordaz,Venezuela,0,1,1,0,56.0,VEN,31.0,PAR,25.0
2007-09-12,Colombia,Paraguay,1,0,Friendly,Bogotá,Colombia,0,1,1,0,31.0,COL,31.0,PAR,0.0
2007-09-12,Peru,Bolivia,2,0,Friendly,Lima,Peru,0,2,1,0,54.0,PER,68.0,BOL,-14.0
2007-10-13,Argentina,Chile,2,0,FIFA World Cup qualification,Buenos Aires,Argentina,0,2,1,0,2.0,ARG,47.0,CHI,-45.0
2007-10-13,Ecuador,Venezuela,0,1,FIFA World Cup qualification,Quito,Ecuador,0,-1,0,1,57.0,ECU,58.0,VEN,-1.0
2007-10-13,Peru,Paraguay,0,0,FIFA World Cup qualification,Lima,Peru,0,0,0,0,52.0,PER,31.0,PAR,21.0
2007-10-13,Uruguay,Bolivia,5,0,FIFA World Cup qualification,Montevideo,Uruguay,0,5,1,0,19.0,URU,90.0,BOL,-71.0
2007-10-14,Colombia,Brasil,0,0,FIFA World Cup qualification,Bogotá,Colombia,0,0,0,0,24.0,COL,3.0,BRA,21.0
2007-10-16,Venezuela,Argentina,0,2,FIFA World Cup qualification,Maracaibo,Venezuela,0,-2,0,1,58.0,VEN,2.0,ARG,56.0
2007-10-17,Bolivia,Colombia,0,0,FIFA World Cup qualification,La Paz,Bolivia,0,0,0,0,90.0,BOL,24.0,COL,66.0
2007-10-17,Brasil,Ecuador,5,0,FIFA World Cup qualification,Rio de Janeiro,Brasil,0,5,1,0,3.0,BRA,57.0,ECU,-54.0
2007-10-17,Chile,Peru,2,0,FIFA World Cup qualification,Santiago,Chile,0,2,1,0,47.0,CHI,52.0,PER,-5.0
2007-10-17,Paraguay,Uruguay,1,0,FIFA World Cup qualification,Asunción,Paraguay,0,1,1,0,31.0,PAR,19.0,URU,12.0
2007-11-17,Argentina,Bolivia,3,0,FIFA World Cup qualification,Buenos Aires,Argentina,0,3,1,0,1.0,ARG,107.0,BOL,-106.0
2007-11-17,Colombia,Venezuela,1,0,FIFA World Cup qualification,Bogotá,Colombia,0,1,1,0,25.0,COL,56.0,VEN,-31.0
2007-11-17,Paraguay,Ecuador,5,1,FIFA World Cup qualification,Asunción,Paraguay,0,4,1,0,26.0,PAR,59.0,ECU,-33.0
2007-11-18,Peru,Brasil,1,1,FIFA World Cup qualification,Lima,Peru,0,0,0,0,61.0,PER,2.0,BRA,59.0
2007-11-18,Uruguay,Chile,2,2,FIFA World Cup qualification,Montevideo,Uruguay,0,0,0,0,17.0,URU,45.0,CHI,-28.0
2007-11-20,Colombia,Argentina,2,1,FIFA World Cup qualification,Bogotá,Colombia,0,1,1,0,25.0,COL,1.0,ARG,24.0
2007-11-20,Venezuela,Bolivia,5,3,FIFA World Cup qualification,San Cristóbal,Venezuela,0,2,1,0,56.0,VEN,107.0,BOL,-51.0
2007-11-21,Brasil,Uruguay,2,1,FIFA World Cup qualification,São Paulo,Brasil,0,1,1,0,2.0,BRA,17.0,URU,-15.0
2007-11-21,Chile,Paraguay,0,3,FIFA World Cup qualification,Santiago,Chile,0,-3,0,1,45.0,CHI,26.0,PAR,19.0
2007-11-21,Ecuador,Peru,5,1,FIFA World Cup qualification,Quito,Ecuador,0,4,1,0,59.0,ECU,61.0,PER,-2.0
2008-01-26,Japon,Chile,0,0,Friendly,Tokyo,Japon,0,0,0,0,34.0,JPN,45.0,CHI,-11.0
2008-02-06,Bolivia,Peru,2,1,Friendly,La Paz,Bolivia,0,1,1,0,106.0,BOL,63.0,PER,43.0
2008-02-06,Uruguay,Colombia,2,2,Friendly,Montevideo,Uruguay,0,0,0,0,28.0,URU,17.0,COL,11.0
2008-03-26,Venezuela,Bolivia,0,1,Friendly,Puerto la Cruz,Venezuela,0,-1,0,1,57.0,VEN,99.0,BOL,-42.0
2008-04-30,Colombia,Venezuela,5,2,Friendly,Bucaramanga,Colombia,0,3,1,0,19.0,COL,59.0,VEN,-40.0
2008-05-27,Japon,Paraguay,0,0,Kirin Cup,Saitama,Japon,0,0,0,0,37.0,JPN,24.0,PAR,13.0
2008-06-06,Brasil,Venezuela,0,2,Friendly,Foxborough,USA,1,-2,0,1,2.0,BRA,63.0,VEN,-61.0
2008-06-14,Peru,Colombia,1,1,FIFA World Cup qualification,Lima,Peru,0,0,0,0,64.0,PER,19.0,COL,45.0
2008-06-14,Uruguay,Venezuela,1,1,FIFA World Cup qualification,Montevideo,Uruguay,0,0,0,0,26.0,URU,63.0,VEN,-37.0
2008-06-15,Argentina,Ecuador,1,1,FIFA World Cup qualification,Buenos Aires,Argentina,0,0,0,0,1.0,ARG,59.0,ECU,-58.0
2008-06-15,Bolivia,Chile,0,2,FIFA World Cup qualification,La Paz,Bolivia,0,-2,0,1,90.0,BOL,47.0,CHI,43.0
2008-06-15,Paraguay,Brasil,2,0,FIFA World Cup qualification,Asunción,Paraguay,0,2,1,0,28.0,PAR,2.0,BRA,26.0
2008-06-17,Uruguay,Peru,6,0,FIFA World Cup qualification,Montevideo,Uruguay,0,6,1,0,26.0,URU,64.0,PER,-38.0
2008-06-18,Bolivia,Paraguay,4,2,FIFA World Cup qualification,La Paz,Bolivia,0,2,1,0,90.0,BOL,28.0,PAR,62.0
2008-06-18,Ecuador,Colombia,0,0,FIFA World Cup qualification,Quito,Ecuador,0,0,0,0,59.0,ECU,19.0,COL,40.0
2008-06-19,Venezuela,Chile,2,3,FIFA World Cup qualification,Puerto la Cruz,Venezuela,0,-1,0,1,63.0,VEN,47.0,CHI,16.0
2008-08-20,Colombia,Ecuador,0,1,Friendly,East Rutherford,USA,1,-1,0,1,23.0,COL,56.0,ECU,-33.0
2008-08-20,Japon,Uruguay,1,3,Friendly,Sapporo,Japon,0,-2,0,1,35.0,JPN,24.0,URU,11.0
2008-09-06,Argentina,Paraguay,1,1,FIFA World Cup qualification,Buenos Aires,Argentina,0,0,0,0,7.0,ARG,25.0,PAR,-18.0
2008-09-06,Colombia,Uruguay,0,1,FIFA World Cup qualification,Bogotá,Colombia,0,-1,0,1,29.0,COL,22.0,URU,7.0
2008-09-06,Ecuador,Bolivia,3,1,FIFA World Cup qualification,Quito,Ecuador,0,2,1,0,52.0,ECU,71.0,BOL,-19.0
2008-09-06,Peru,Venezuela,1,0,FIFA World Cup qualification,Lima,Peru,0,1,1,0,73.0,PER,61.0,VEN,12.0
2008-09-07,Chile,Brasil,0,3,FIFA World Cup qualification,Santiago,Chile,0,-3,0,1,40.0,CHI,6.0,BRA,34.0
2008-09-09,Paraguay,Venezuela,2,0,FIFA World Cup qualification,Asunción,Paraguay,0,2,1,0,25.0,PAR,61.0,VEN,-36.0
2008-09-10,Brasil,Bolivia,0,0,FIFA World Cup qualification,Rio de Janeiro,Brasil,0,0,0,0,6.0,BRA,71.0,BOL,-65.0
2008-09-10,Chile,Colombia,4,0,FIFA World Cup qualification,Santiago,Chile,0,4,1,0,40.0,CHI,29.0,COL,11.0
2008-09-10,Peru,Argentina,1,1,FIFA World Cup qualification,Lima,Peru,0,0,0,0,73.0,PER,7.0,ARG,66.0
2008-09-10,Uruguay,Ecuador,0,0,FIFA World Cup qualification,Montevideo,Uruguay,0,0,0,0,22.0,URU,52.0,ECU,-30.0
2008-10-11,Argentina,Uruguay,2,1,FIFA World Cup qualification,Buenos Aires,Argentina,0,1,1,0,7.0,ARG,20.0,URU,-13.0
2008-10-11,Bolivia,Peru,3,0,FIFA World Cup qualification,La Paz,Bolivia,0,3,1,0,74.0,BOL,58.0,PER,16.0
2008-10-11,Colombia,Paraguay,0,1,FIFA World Cup qualification,Bogotá,Colombia,0,-1,0,1,33.0,COL,22.0,PAR,11.0
2008-10-12,Ecuador,Chile,1,0,FIFA World Cup qualification,Quito,Ecuador,0,1,1,0,42.0,ECU,36.0,CHI,6.0
2008-10-12,Venezuela,Brasil,0,4,FIFA World Cup qualification,San Cristóbal,Venezuela,0,-4,0,1,66.0,VEN,4.0,BRA,62.0
2008-10-14,Bolivia,Uruguay,2,2,FIFA World Cup qualification,La Paz,Bolivia,0,0,0,0,74.0,BOL,20.0,URU,54.0
2008-10-15,Brasil,Colombia,0,0,FIFA World Cup qualification,Rio de Janeiro,Brasil,0,0,0,0,4.0,BRA,33.0,COL,-29.0
2008-10-15,Chile,Argentina,1,0,FIFA World Cup qualification,Santiago,Chile,0,1,1,0,36.0,CHI,7.0,ARG,29.0
2008-10-15,Paraguay,Peru,1,0,FIFA World Cup qualification,Asunción,Paraguay,0,1,1,0,22.0,PAR,58.0,PER,-36.0
2008-10-15,Venezuela,Ecuador,3,1,FIFA World Cup qualification,Puerto la Cruz,Venezuela,0,2,1,0,66.0,VEN,42.0,ECU,24.0
2008-11-19,Qatar,Japon,0,3,FIFA World Cup qualification,Doha,Qatar,0,-3,0,1,78.0,QAT,38.0,JPN,40.0
2009-02-11,Peru,Paraguay,0,1,Friendly,Lima,Peru,0,-1,0,1,76.0,PER,15.0,PAR,61.0
2009-03-28,Argentina,Venezuela,4,0,FIFA World Cup qualification,Buenos Aires,Argentina,0,4,1,0,6.0,ARG,65.0,VEN,-59.0
2009-03-28,Colombia,Bolivia,2,0,FIFA World Cup qualification,Bogotá,Colombia,0,2,1,0,47.0,COL,56.0,BOL,-9.0
2009-03-28,Uruguay,Paraguay,2,0,FIFA World Cup qualification,Montevideo,Uruguay,0,2,1,0,21.0,URU,15.0,PAR,6.0
2009-03-31,Venezuela,Colombia,2,0,FIFA World Cup qualification,Puerto Ordaz,Venezuela,0,2,1,0,65.0,VEN,47.0,COL,18.0
2009-05-27,Japon,Chile,4,0,Kirin Cup,Osaka,Japon,0,4,1,0,35.0,JPN,26.0,CHI,9.0
2009-06-06,Argentina,Colombia,1,0,FIFA World Cup qualification,Buenos Aires,Argentina,0,1,1,0,7.0,ARG,45.0,COL,-38.0
2009-06-06,Bolivia,Venezuela,0,1,FIFA World Cup qualification,La Paz,Bolivia,0,-1,0,1,58.0,BOL,56.0,VEN,2.0
2009-06-06,Paraguay,Chile,0,2,FIFA World Cup qualification,Asunción,Paraguay,0,-2,0,1,13.0,PAR,37.0,CHI,-24.0
2009-06-06,Uruguay,Brasil,0,4,FIFA World Cup qualification,Montevideo,Uruguay,0,-4,0,1,17.0,URU,5.0,BRA,12.0
2009-06-10,Brasil,Paraguay,2,1,FIFA World Cup qualification,Recife,Brasil,0,1,1,0,5.0,BRA,13.0,PAR,-8.0
2009-06-10,Chile,Bolivia,4,0,FIFA World Cup qualification,Santiago,Chile,0,4,1,0,37.0,CHI,58.0,BOL,-21.0
2009-06-10,Colombia,Peru,1,0,FIFA World Cup qualification,Medellín,Colombia,0,1,1,0,45.0,COL,89.0,PER,-44.0
2009-06-10,Ecuador,Argentina,2,0,FIFA World Cup qualification,Quito,Ecuador,0,2,1,0,44.0,ECU,7.0,ARG,37.0
2009-06-10,Japon,Qatar,1,1,FIFA World Cup qualification,Yokohama,Japon,0,0,0,0,31.0,JPN,94.0,QAT,-63.0
2009-06-10,Venezuela,Uruguay,2,2,FIFA World Cup qualification,Puerto Ordaz,Venezuela,0,0,0,0,56.0,VEN,17.0,URU,39.0
2009-08-12,Colombia,Venezuela,1,2,Friendly,East Rutherford,USA,1,-1,0,1,45.0,COL,54.0,VEN,-9.0
2009-09-05,Argentina,Brasil,1,3,FIFA World Cup qualification,Rosario,Argentina,0,-2,0,1,8.0,ARG,1.0,BRA,7.0
2009-09-05,Chile,Venezuela,2,2,FIFA World Cup qualification,Santiago,Chile,0,0,0,0,21.0,CHI,51.0,VEN,-30.0
2009-09-05,Colombia,Ecuador,2,0,FIFA World Cup qualification,Medellín,Colombia,0,2,1,0,48.0,COL,36.0,ECU,12.0
2009-09-05,Paraguay,Bolivia,1,0,FIFA World Cup qualification,Asunción,Paraguay,0,1,1,0,23.0,PAR,59.0,BOL,-36.0
2009-09-05,Peru,Uruguay,1,0,FIFA World Cup qualification,Lima,Peru,0,1,1,0,91.0,PER,28.0,URU,63.0
2009-09-09,Bolivia,Ecuador,1,3,FIFA World Cup qualification,La Paz,Bolivia,0,-2,0,1,59.0,BOL,36.0,ECU,23.0
2009-10-10,Argentina,Peru,2,1,FIFA World Cup qualification,Buenos Aires,Argentina,0,1,1,0,8.0,ARG,91.0,PER,-83.0
2009-10-10,Colombia,Chile,2,4,FIFA World Cup qualification,Medellín,Colombia,0,-2,0,1,48.0,COL,21.0,CHI,27.0
2009-10-10,Ecuador,Uruguay,1,2,FIFA World Cup qualification,Quito,Ecuador,0,-1,0,1,36.0,ECU,28.0,URU,8.0
2009-10-10,Venezuela,Paraguay,1,2,FIFA World Cup qualification,Puerto Ordaz,Venezuela,0,-1,0,1,51.0,VEN,23.0,PAR,28.0
2009-10-14,Brasil,Venezuela,0,0,FIFA World Cup qualification,Campo Grande,Brasil,0,0,0,0,1.0,BRA,51.0,VEN,-50.0
2009-10-14,Chile,Ecuador,1,0,FIFA World Cup qualification,Santiago,Chile,0,1,1,0,21.0,CHI,36.0,ECU,-15.0
2009-10-14,Paraguay,Colombia,0,2,FIFA World Cup qualification,Asunción,Paraguay,0,-2,0,1,23.0,PAR,48.0,COL,-25.0
2009-10-14,Peru,Bolivia,1,0,FIFA World Cup qualification,Lima,Peru,0,1,1,0,91.0,PER,59.0,BOL,32.0
2009-10-14,Uruguay,Argentina,0,1,FIFA World Cup qualification,Montevideo,Uruguay,0,-1,0,1,28.0,URU,8.0,ARG,20.0
2009-11-04,Chile,Paraguay,2,1,Friendly,Talcahuano,Chile,0,1,1,0,17.0,CHI,21.0,PAR,-4.0
2009-11-13,Paraguay,Qatar,0,2,Friendly,Rouen,France,1,-2,0,1,21.0,PAR,94.0,QAT,-73.0
2010-02-02,Japon,Venezuela,0,0,Friendly,Ōita,Japon,0,0,0,0,43.0,JPN,50.0,VEN,-7.0
2010-03-31,Chile,Venezuela,0,0,Friendly,Temuco,Chile,0,0,0,0,13.0,CHI,48.0,VEN,-35.0
2010-06-28,Brasil,Chile,3,0,FIFA World Cup,Johannesburg,South Africa,1,3,1,0,1.0,BRA,18.0,CHI,-17.0
2010-06-29,Paraguay,Japon,0,0,FIFA World Cup,Pretoria,South Africa,1,0,0,0,31.0,PAR,45.0,JPN,-14.0
2010-08-11,Bolivia,Colombia,1,1,Friendly,La Paz,Bolivia,0,0,0,0,50.0,BOL,36.0,COL,14.0
2010-09-03,Venezuela,Colombia,0,2,Friendly,Puerto la Cruz,Venezuela,0,-2,0,1,47.0,VEN,36.0,COL,11.0
2010-09-04,Japon,Paraguay,1,0,Friendly,Yokohama,Japon,0,1,1,0,32.0,JPN,15.0,PAR,17.0
2010-09-07,Venezuela,Ecuador,1,0,Friendly,Barquisimeto,Venezuela,0,1,1,0,47.0,VEN,58.0,ECU,-11.0
2010-10-08,Colombia,Ecuador,1,0,Friendly,Harrison,USA,1,1,1,0,40.0,COL,72.0,ECU,-32.0
2010-10-08,Japon,Argentina,1,0,Friendly,Saitama,Japon,0,1,1,0,30.0,JPN,5.0,ARG,25.0
2010-11-17,Argentina,Brasil,1,0,Friendly,Doha,Qatar,1,1,1,0,5.0,ARG,3.0,BRA,2.0
2010-11-17,Chile,Uruguay,2,0,Friendly,Santiago,Chile,0,2,1,0,16.0,CHI,7.0,URU,9.0
2010-11-17,Colombia,Peru,1,1,Friendly,Bogotá,Colombia,0,0,0,0,47.0,COL,52.0,PER,-5.0
2010-11-17,Ecuador,Venezuela,4,1,Friendly,Quito,Ecuador,0,3,1,0,61.0,ECU,56.0,VEN,5.0
2011-01-21,Qatar,Japon,2,3,AFC Asian Cup,Doha,Qatar,0,-1,0,1,105.0,QAT,29.0,JPN,76.0
2011-03-16,Argentina,Venezuela,4,1,Friendly,San Juan,Argentina,0,3,1,0,4.0,ARG,63.0,VEN,-59.0
2011-03-26,Colombia,Ecuador,2,0,Friendly,Madrid,Spain,1,2,1,0,50.0,COL,49.0,ECU,1.0
2011-03-29,Colombia,Chile,0,2,Friendly,The Hague,Netherlands,1,-2,0,1,50.0,COL,14.0,CHI,36.0
2011-03-29,Ecuador,Peru,0,0,Friendly,The Hague,Netherlands,1,0,0,0,49.0,ECU,59.0,PER,-10.0
2011-04-20,Argentina,Ecuador,2,2,Friendly,Mar del Plata,Argentina,0,0,0,0,5.0,ARG,56.0,ECU,-51.0
2011-05-25,Argentina,Paraguay,4,2,Friendly,Resistencia,Argentina,0,2,1,0,5.0,ARG,23.0,PAR,-18.0
2011-06-01,Japon,Peru,0,0,Kirin Cup,Niigata,Japon,0,0,0,0,14.0,JPN,54.0,PER,-40.0
2011-06-04,Bolivia,Paraguay,0,2,Copa Paz del Chaco,Santa Cruz,Bolivia,0,-2,0,1,102.0,BOL,23.0,PAR,79.0
2011-06-07,Paraguay,Bolivia,0,0,Copa Paz del Chaco,Luque,Paraguay,0,0,0,0,23.0,PAR,102.0,BOL,-79.0
2011-06-23,Paraguay,Chile,0,0,Friendly,Asunción,Paraguay,0,0,0,0,23.0,PAR,13.0,CHI,10.0
2011-07-01,Argentina,Bolivia,1,1,Copa América,La Plata,Argentina,0,0,0,0,10.0,ARG,94.0,BOL,-84.0
2011-07-03,Brasil,Venezuela,0,0,Copa América,La Plata,Argentina,1,0,0,0,5.0,BRA,69.0,VEN,-64.0
2011-07-03,Paraguay,Ecuador,0,0,Copa América,Santa Fe,Argentina,1,0,0,0,32.0,PAR,68.0,ECU,-36.0
2011-07-04,Uruguay,Peru,1,1,Copa América,San Juan,Argentina,1,0,0,0,18.0,URU,49.0,PER,-31.0
2011-07-06,Argentina,Colombia,0,0,Copa América,Santa Fe,Argentina,0,0,0,0,10.0,ARG,54.0,COL,-44.0
2011-07-08,Uruguay,Chile,1,1,Copa América,Mendoza,Argentina,1,0,0,0,18.0,URU,27.0,CHI,-9.0
2011-07-09,Brasil,Paraguay,2,2,Copa América,Córdoba,Argentina,1,0,0,0,5.0,BRA,32.0,PAR,-27.0
2011-07-09,Venezuela,Ecuador,1,0,Copa América,Salta,Argentina,1,1,1,0,69.0,VEN,68.0,ECU,1.0
2011-07-10,Colombia,Bolivia,2,0,Copa América,Santa Fe,Argentina,1,2,1,0,54.0,COL,94.0,BOL,-40.0
2011-07-12,Chile,Peru,1,0,Copa América,Mendoza,Argentina,1,1,1,0,27.0,CHI,49.0,PER,-22.0
2011-07-13,Brasil,Ecuador,4,2,Copa América,Córdoba,Argentina,1,2,1,0,5.0,BRA,68.0,ECU,-63.0
2011-07-13,Paraguay,Venezuela,3,3,Copa América,Salta,Argentina,1,0,0,0,32.0,PAR,69.0,VEN,-37.0
2011-07-16,Argentina,Uruguay,1,1,Copa América,Santa Fe,Argentina,0,0,0,0,10.0,ARG,18.0,URU,-8.0
2011-07-16,Colombia,Peru,0,2,Copa América,Córdoba,Argentina,1,-2,0,1,54.0,COL,49.0,PER,5.0
2011-07-17,Brasil,Paraguay,0,0,Copa América,La Plata,Argentina,1,0,0,0,5.0,BRA,32.0,PAR,-27.0
2011-07-17,Chile,Venezuela,1,2,Copa América,San Juan,Argentina,1,-1,0,1,27.0,CHI,69.0,VEN,-42.0
2011-07-19,Peru,Uruguay,0,2,Copa América,La Plata,Argentina,1,-2,0,1,49.0,PER,18.0,URU,31.0
2011-07-20,Paraguay,Venezuela,0,0,Copa América,Mendoza,Argentina,1,0,0,0,32.0,PAR,69.0,VEN,-37.0
2011-07-23,Peru,Venezuela,4,1,Copa América,La Plata,Argentina,1,3,1,0,49.0,PER,69.0,VEN,-20.0
2011-07-24,Uruguay,Paraguay,3,0,Copa América,Buenos Aires,Argentina,1,3,1,0,18.0,URU,32.0,PAR,-14.0
2011-09-02,Argentina,Venezuela,1,0,Friendly,Calcutta,India,1,1,1,0,9.0,ARG,44.0,VEN,-35.0
2011-09-02,Peru,Bolivia,2,2,Friendly,Lima,Peru,0,0,0,0,26.0,PER,85.0,BOL,-59.0
2011-09-05,Bolivia,Peru,0,0,Friendly,La Paz,Bolivia,0,0,0,0,85.0,BOL,26.0,PER,59.0
2011-09-14,Argentina,Brasil,0,0,Friendly,Córdoba,Argentina,0,0,0,0,9.0,ARG,6.0,BRA,3.0
2011-09-28,Brasil,Argentina,2,0,Friendly,Belém,Brasil,0,2,1,0,7.0,BRA,10.0,ARG,-3.0
2011-10-07,Argentina,Chile,4,1,FIFA World Cup qualification,Buenos Aires,Argentina,0,3,1,0,10.0,ARG,14.0,CHI,-4.0
2011-10-07,Ecuador,Venezuela,2,0,FIFA World Cup qualification,Quito,Ecuador,0,2,1,0,69.0,ECU,47.0,VEN,22.0
2011-10-07,Peru,Paraguay,2,0,FIFA World Cup qualification,Lima,Peru,0,2,1,0,35.0,PER,24.0,PAR,11.0
2011-10-07,Uruguay,Bolivia,4,2,FIFA World Cup qualification,Montevideo,Uruguay,0,2,1,0,4.0,URU,81.0,BOL,-77.0
2011-10-11,Bolivia,Colombia,1,2,FIFA World Cup qualification,La Paz,Bolivia,0,-1,0,1,81.0,BOL,32.0,COL,49.0
2011-10-11,Chile,Peru,4,2,FIFA World Cup qualification,Santiago,Chile,0,2,1,0,14.0,CHI,35.0,PER,-21.0
2011-10-11,Paraguay,Uruguay,1,1,FIFA World Cup qualification,Asunción,Paraguay,0,0,0,0,24.0,PAR,4.0,URU,20.0
2011-10-11,Venezuela,Argentina,1,0,FIFA World Cup qualification,Puerto la Cruz,Venezuela,0,1,1,0,47.0,VEN,10.0,ARG,37.0
2011-11-11,Argentina,Bolivia,1,1,FIFA World Cup qualification,Buenos Aires,Argentina,0,0,0,0,10.0,ARG,115.0,BOL,-105.0
2011-11-11,Colombia,Venezuela,1,1,FIFA World Cup qualification,Barranquilla,Colombia,0,0,0,0,31.0,COL,40.0,VEN,-9.0
2011-11-11,Paraguay,Ecuador,2,1,FIFA World Cup qualification,Asunción,Paraguay,0,1,1,0,28.0,PAR,52.0,ECU,-24.0
2011-11-11,Uruguay,Chile,4,0,FIFA World Cup qualification,Montevideo,Uruguay,0,4,1,0,4.0,URU,16.0,CHI,-12.0
2011-11-15,Chile,Paraguay,2,0,FIFA World Cup qualification,Santiago,Chile,0,2,1,0,16.0,CHI,28.0,PAR,-12.0
2011-11-15,Colombia,Argentina,1,2,FIFA World Cup qualification,Barranquilla,Colombia,0,-1,0,1,31.0,COL,10.0,ARG,21.0
2011-11-15,Ecuador,Peru,2,0,FIFA World Cup qualification,Quito,Ecuador,0,2,1,0,52.0,ECU,32.0,PER,20.0
2011-11-15,Venezuela,Bolivia,1,0,FIFA World Cup qualification,San Cristóbal,Venezuela,0,1,1,0,40.0,VEN,115.0,BOL,-75.0
2011-12-21,Chile,Paraguay,3,2,Friendly,La Serena,Chile,0,1,1,0,13.0,CHI,24.0,PAR,-11.0
2012-02-15,Paraguay,Chile,2,0,Friendly,Luque,Paraguay,0,2,1,0,27.0,PAR,12.0,CHI,15.0
2012-03-21,Chile,Peru,3,1,Copa del Pacífico,Arica,Chile,0,2,1,0,14.0,CHI,34.0,PER,-20.0
2012-04-11,Peru,Chile,0,3,Copa del Pacífico,Tacna,Peru,0,-3,0,1,34.0,PER,13.0,CHI,21.0
2012-06-02,Argentina,Ecuador,4,0,FIFA World Cup qualification,Buenos Aires,Argentina,0,4,1,0,9.0,ARG,37.0,ECU,-28.0
2012-06-02,Bolivia,Chile,0,2,FIFA World Cup qualification,La Paz,Bolivia,0,-2,0,1,108.0,BOL,13.0,CHI,95.0
2012-06-02,Uruguay,Venezuela,1,1,FIFA World Cup qualification,Montevideo,Uruguay,0,0,0,0,3.0,URU,43.0,VEN,-40.0
2012-06-03,Peru,Colombia,0,1,FIFA World Cup qualification,Lima,Peru,0,-1,0,1,36.0,PER,23.0,COL,13.0
2012-06-09,Bolivia,Paraguay,3,1,FIFA World Cup qualification,La Paz,Bolivia,0,2,1,0,110.0,BOL,22.0,PAR,88.0
2012-06-09,Brasil,Argentina,3,4,Friendly,East Rutherford,USA,1,-1,0,1,5.0,BRA,7.0,ARG,-2.0
2012-06-09,Venezuela,Chile,0,2,FIFA World Cup qualification,Puerto la Cruz,Venezuela,0,-2,0,1,40.0,VEN,11.0,CHI,29.0
2012-06-10,Ecuador,Colombia,1,0,FIFA World Cup qualification,Quito,Ecuador,0,1,1,0,36.0,ECU,20.0,COL,16.0
2012-06-10,Uruguay,Peru,4,2,FIFA World Cup qualification,Montevideo,Uruguay,0,2,1,0,2.0,URU,37.0,PER,-35.0
2012-08-15,Ecuador,Chile,3,0,Friendly,New York,USA,1,3,1,0,20.0,ECU,15.0,CHI,5.0
2012-08-15,Japon,Venezuela,1,1,Friendly,Sapporo,Japon,0,0,0,0,22.0,JPN,52.0,VEN,-30.0
2012-09-07,Argentina,Paraguay,3,1,FIFA World Cup qualification,Córdoba,Argentina,0,2,1,0,7.0,ARG,29.0,PAR,-22.0
2012-09-07,Colombia,Uruguay,4,0,FIFA World Cup qualification,Barranquilla,Colombia,0,4,1,0,22.0,COL,5.0,URU,17.0
2012-09-07,Ecuador,Bolivia,1,0,FIFA World Cup qualification,Quito,Ecuador,0,1,1,0,17.0,ECU,63.0,BOL,-46.0
2012-09-07,Peru,Venezuela,2,1,FIFA World Cup qualification,Lima,Peru,0,1,1,0,51.0,PER,52.0,VEN,-1.0
2012-09-11,Chile,Colombia,1,3,FIFA World Cup qualification,Santiago,Chile,0,-2,0,1,14.0,CHI,22.0,COL,-8.0
2012-09-11,Paraguay,Venezuela,0,2,FIFA World Cup qualification,Asunción,Paraguay,0,-2,0,1,29.0,PAR,52.0,VEN,-23.0
2012-09-11,Peru,Argentina,1,1,FIFA World Cup qualification,Lima,Peru,0,0,0,0,51.0,PER,7.0,ARG,44.0
2012-09-11,Uruguay,Ecuador,1,1,FIFA World Cup qualification,Montevideo,Uruguay,0,0,0,0,5.0,URU,17.0,ECU,-12.0
2012-09-19,Brasil,Argentina,2,1,Friendly,Goiânia,Brasil,0,1,1,0,12.0,BRA,7.0,ARG,5.0
2012-10-12,Argentina,Uruguay,3,0,FIFA World Cup qualification,Mendoza,Argentina,0,3,1,0,4.0,ARG,7.0,URU,-3.0
2012-10-12,Bolivia,Peru,1,1,FIFA World Cup qualification,La Paz,Bolivia,0,0,0,0,72.0,BOL,37.0,PER,35.0
2012-10-12,Colombia,Paraguay,2,0,FIFA World Cup qualification,Barranquilla,Colombia,0,2,1,0,9.0,COL,38.0,PAR,-29.0
2012-10-12,Ecuador,Chile,3,1,FIFA World Cup qualification,Quito,Ecuador,0,2,1,0,20.0,ECU,17.0,CHI,3.0
2012-10-16,Bolivia,Uruguay,4,1,FIFA World Cup qualification,La Paz,Bolivia,0,3,1,0,72.0,BOL,7.0,URU,65.0
2012-10-16,Chile,Argentina,1,2,FIFA World Cup qualification,Santiago,Chile,0,-1,0,1,17.0,CHI,4.0,ARG,13.0
2012-10-16,Japon,Brasil,0,4,Friendly,Wrocław,Poland,1,-4,0,1,23.0,JPN,14.0,BRA,9.0
2012-10-16,Paraguay,Peru,1,0,FIFA World Cup qualification,Asunción,Paraguay,0,1,1,0,38.0,PAR,37.0,PER,1.0
2012-10-16,Venezuela,Ecuador,0,0,FIFA World Cup qualification,Puerto la Cruz,Venezuela,0,0,0,0,39.0,VEN,20.0,ECU,19.0
2012-11-14,Brasil,Colombia,1,1,Friendly,East Rutherford,USA,1,0,0,0,13.0,BRA,8.0,COL,5.0
2012-11-21,Argentina,Brasil,2,1,Friendly,Buenos Aires,Argentina,0,1,1,0,3.0,ARG,13.0,BRA,-10.0
2013-03-22,Argentina,Venezuela,3,0,FIFA World Cup qualification,Buenos Aires,Argentina,0,3,1,0,3.0,ARG,43.0,VEN,-40.0
2013-03-22,Colombia,Bolivia,5,0,FIFA World Cup qualification,Barranquilla,Colombia,0,5,1,0,6.0,COL,37.0,BOL,-31.0
2013-03-22,Peru,Chile,1,0,FIFA World Cup qualification,Lima,Peru,0,1,1,0,41.0,PER,22.0,CHI,19.0
2013-03-22,Uruguay,Paraguay,1,1,FIFA World Cup qualification,Montevideo,Uruguay,0,0,0,0,16.0,URU,38.0,PAR,-22.0
2013-03-26,Bolivia,Argentina,1,1,FIFA World Cup qualification,La Paz,Bolivia,0,0,0,0,37.0,BOL,3.0,ARG,34.0
2013-03-26,Chile,Uruguay,2,0,FIFA World Cup qualification,Santiago,Chile,0,2,1,0,22.0,CHI,16.0,URU,6.0
2013-03-26,Ecuador,Paraguay,4,1,FIFA World Cup qualification,Quito,Ecuador,0,3,1,0,11.0,ECU,38.0,PAR,-27.0
2013-03-26,Venezuela,Colombia,1,0,FIFA World Cup qualification,Puerto Ordaz,Venezuela,0,1,1,0,43.0,VEN,6.0,COL,37.0
2013-04-06,Bolivia,Brasil,0,4,Friendly,Santa Cruz,Bolivia,0,-4,0,1,37.0,BOL,18.0,BRA,19.0
2013-04-24,Brasil,Chile,2,2,Friendly,Belo Horizonte,Brasil,0,0,0,0,19.0,BRA,23.0,CHI,-4.0
2013-06-07,Argentina,Colombia,0,0,FIFA World Cup qualification,Buenos Aires,Argentina,0,0,0,0,3.0,ARG,7.0,COL,-4.0
2013-06-07,Bolivia,Venezuela,1,1,FIFA World Cup qualification,La Paz,Bolivia,0,0,0,0,53.0,BOL,37.0,VEN,16.0
2013-06-07,Paraguay,Chile,1,2,FIFA World Cup qualification,Asunción,Paraguay,0,-1,0,1,44.0,PAR,25.0,CHI,19.0
2013-06-07,Peru,Ecuador,1,0,FIFA World Cup qualification,Lima,Peru,0,1,1,0,30.0,PER,10.0,ECU,20.0
2013-06-11,Chile,Bolivia,3,1,FIFA World Cup qualification,Santiago,Chile,0,2,1,0,25.0,CHI,53.0,BOL,-28.0
2013-06-11,Colombia,Peru,2,0,FIFA World Cup qualification,Barranquilla,Colombia,0,2,1,0,7.0,COL,30.0,PER,-23.0
2013-06-11,Ecuador,Argentina,1,1,FIFA World Cup qualification,Quito,Ecuador,0,0,0,0,10.0,ECU,3.0,ARG,7.0
2013-06-11,Venezuela,Uruguay,0,1,FIFA World Cup qualification,Puerto Ordaz,Venezuela,0,-1,0,1,37.0,VEN,19.0,URU,18.0
2013-06-15,Brasil,Japon,3,0,Confederations Cup,Brasília,Brasil,0,3,1,0,22.0,BRA,32.0,JPN,-10.0
2013-06-26,Brasil,Uruguay,2,1,Confederations Cup,Belo Horizonte,Brasil,0,1,1,0,22.0,BRA,19.0,URU,3.0
2013-08-14,Japon,Uruguay,2,4,Friendly,Rifu,Japon,0,-2,0,1,37.0,JPN,12.0,URU,25.0
2013-08-14,Venezuela,Bolivia,2,2,Friendly,San Cristóbal,Venezuela,0,0,0,0,39.0,VEN,64.0,BOL,-25.0
2013-09-06,Chile,Venezuela,3,0,FIFA World Cup qualification,Santiago,Chile,0,3,1,0,21.0,CHI,39.0,VEN,-18.0
2013-09-06,Colombia,Ecuador,1,0,FIFA World Cup qualification,Barranquilla,Colombia,0,1,1,0,3.0,COL,17.0,ECU,-14.0
2013-09-06,Paraguay,Bolivia,4,0,FIFA World Cup qualification,Asunción,Paraguay,0,4,1,0,49.0,PAR,64.0,BOL,-15.0
2013-09-06,Peru,Uruguay,1,2,FIFA World Cup qualification,Lima,Peru,0,-1,0,1,22.0,PER,12.0,URU,10.0
2013-09-10,Bolivia,Ecuador,1,1,FIFA World Cup qualification,La Paz,Bolivia,0,0,0,0,64.0,BOL,17.0,ECU,47.0
2013-09-10,Paraguay,Argentina,2,5,FIFA World Cup qualification,Asunción,Paraguay,0,-3,0,1,49.0,PAR,4.0,ARG,45.0
2013-09-10,Uruguay,Colombia,2,0,FIFA World Cup qualification,Montevideo,Uruguay,0,2,1,0,12.0,URU,3.0,COL,9.0
2013-09-10,Venezuela,Peru,3,2,FIFA World Cup qualification,Puerto la Cruz,Venezuela,0,1,1,0,39.0,VEN,22.0,PER,17.0
2013-10-11,Argentina,Peru,3,1,FIFA World Cup qualification,Buenos Aires,Argentina,0,2,1,0,2.0,ARG,34.0,PER,-32.0
2013-10-11,Colombia,Chile,3,3,FIFA World Cup qualification,Barranquilla,Colombia,0,0,0,0,5.0,COL,16.0,CHI,-11.0
2013-10-11,Ecuador,Uruguay,1,0,FIFA World Cup qualification,Quito,Ecuador,0,1,1,0,20.0,ECU,7.0,URU,13.0
2013-10-11,Venezuela,Paraguay,1,1,FIFA World Cup qualification,San Cristóbal,Venezuela,0,0,0,0,36.0,VEN,41.0,PAR,-5.0
2013-10-15,Chile,Ecuador,2,1,FIFA World Cup qualification,Santiago,Chile,0,1,1,0,16.0,CHI,20.0,ECU,-4.0
2013-10-15,Paraguay,Colombia,1,2,FIFA World Cup qualification,Asunción,Paraguay,0,-1,0,1,41.0,PAR,5.0,COL,36.0
2013-10-15,Peru,Bolivia,1,1,FIFA World Cup qualification,Lima,Peru,0,0,0,0,34.0,PER,62.0,BOL,-28.0
2013-10-15,Uruguay,Argentina,3,2,FIFA World Cup qualification,Montevideo,Uruguay,0,1,1,0,7.0,URU,2.0,ARG,5.0
2013-11-15,Argentina,Ecuador,0,0,Friendly,East Rutherford,USA,1,0,0,0,3.0,ARG,22.0,ECU,-19.0
2013-11-19,Brasil,Chile,2,1,Friendly,Toronto,Canada,1,1,1,0,11.0,BRA,12.0,CHI,-1.0
2014-06-24,Japon,Colombia,1,4,FIFA World Cup,Cuiabá,Brasil,1,-3,0,1,46.0,JPN,8.0,COL,38.0
2014-06-28,Brasil,Chile,1,1,FIFA World Cup,Belo Horizonte,Brasil,0,0,0,0,3.0,BRA,14.0,CHI,-11.0
2014-06-28,Colombia,Uruguay,2,0,FIFA World Cup,Rio de Janeiro,Brasil,1,2,1,0,8.0,COL,7.0,URU,1.0
2014-07-04,Brasil,Colombia,2,1,FIFA World Cup,Fortaleza,Brasil,0,1,1,0,3.0,BRA,8.0,COL,-5.0
2014-09-05,Japon,Uruguay,0,2,Friendly,Sapporo,Japon,0,-2,0,1,44.0,JPN,6.0,URU,38.0
2014-09-09,Japon,Venezuela,2,2,Friendly,Yokohama,Japon,0,0,0,0,44.0,JPN,29.0,VEN,15.0
2014-09-09,Qatar,Peru,0,2,Friendly,Doha,Qatar,0,-2,0,1,92.0,QAT,52.0,PER,40.0
2014-10-11,Argentina,Brasil,0,2,Friendly,Beijing,China PR,1,-2,0,1,2.0,ARG,6.0,BRA,-4.0
2014-10-14,Japon,Brasil,0,4,Friendly,Kallang,Singapore,1,-4,0,1,48.0,JPN,6.0,BRA,42.0
2014-11-14,Paraguay,Peru,2,1,Friendly,Luque,Paraguay,0,1,1,0,76.0,PAR,54.0,PER,22.0
2014-11-18,Bolivia,Venezuela,3,2,Friendly,La Paz,Bolivia,0,1,1,0,103.0,BOL,85.0,VEN,18.0
2014-11-18,Chile,Uruguay,1,2,Friendly,Santiago,Chile,0,-1,0,1,13.0,CHI,8.0,URU,5.0
2014-11-18,Peru,Paraguay,2,1,Friendly,Lima,Peru,0,1,1,0,54.0,PER,76.0,PAR,-22.0
2015-03-29,Brasil,Chile,1,0,Friendly,London,England,1,1,1,0,6.0,BRA,15.0,CHI,-9.0
2015-03-31,Peru,Venezuela,0,1,Friendly,Fort Lauderdale,USA,1,-1,0,1,59.0,PER,72.0,VEN,-13.0
2015-06-11,Chile,Ecuador,2,0,Copa América,Santiago,Chile,0,2,1,0,19.0,CHI,31.0,ECU,-12.0
2015-06-13,Argentina,Paraguay,2,2,Copa América,La Serena,Chile,1,0,0,0,3.0,ARG,85.0,PAR,-82.0
2015-06-14,Brasil,Peru,2,1,Copa América,Temuco,Chile,1,1,1,0,5.0,BRA,61.0,PER,-56.0
2015-06-14,Colombia,Venezuela,0,1,Copa América,Rancagua,Chile,1,-1,0,1,4.0,COL,72.0,VEN,-68.0
2015-06-15,Ecuador,Bolivia,2,3,Copa América,Valparaíso,Chile,1,-1,0,1,31.0,ECU,89.0,BOL,-58.0
2015-06-16,Argentina,Uruguay,1,0,Copa América,La Serena,Chile,1,1,1,0,3.0,ARG,8.0,URU,-5.0
2015-06-17,Brasil,Colombia,0,1,Copa América,Santiago,Chile,1,-1,0,1,5.0,BRA,4.0,COL,1.0
2015-06-18,Peru,Venezuela,1,0,Copa América,Valparaíso,Chile,1,1,1,0,61.0,PER,72.0,VEN,-11.0
2015-06-19,Chile,Bolivia,5,0,Copa América,Santiago,Chile,0,5,1,0,19.0,CHI,89.0,BOL,-70.0
2015-06-20,Uruguay,Paraguay,1,1,Copa América,La Serena,Chile,1,0,0,0,8.0,URU,85.0,PAR,-77.0
2015-06-21,Brasil,Venezuela,2,1,Copa América,Santiago,Chile,1,1,1,0,5.0,BRA,72.0,VEN,-67.0
2015-06-21,Colombia,Peru,0,0,Copa América,Temuco,Chile,1,0,0,0,4.0,COL,61.0,PER,-57.0
2015-06-24,Chile,Uruguay,1,0,Copa América,Santiago,Chile,0,1,1,0,19.0,CHI,8.0,URU,11.0
2015-06-25,Bolivia,Peru,1,3,Copa América,Temuco,Chile,1,-2,0,1,89.0,BOL,61.0,PER,28.0
2015-06-26,Argentina,Colombia,0,0,Copa América,Viña del Mar,Chile,1,0,0,0,3.0,ARG,4.0,COL,-1.0
2015-06-27,Brasil,Paraguay,1,1,Copa América,Concepción,Chile,1,0,0,0,5.0,BRA,85.0,PAR,-80.0
2015-06-29,Chile,Peru,2,1,Copa América,Santiago,Chile,0,1,1,0,19.0,CHI,61.0,PER,-42.0
2015-06-30,Argentina,Paraguay,6,1,Copa América,Concepción,Chile,1,5,1,0,3.0,ARG,85.0,PAR,-82.0
2015-07-03,Peru,Paraguay,2,0,Copa América,Concepción,Chile,1,2,1,0,61.0,PER,85.0,PAR,-24.0
2015-07-04,Chile,Argentina,0,0,Copa América,Santiago,Chile,0,0,0,0,19.0,CHI,3.0,ARG,16.0
2015-09-05,Chile,Paraguay,3,2,Friendly,Santiago,Chile,0,1,1,0,8.0,CHI,55.0,PAR,-47.0
2015-10-08,Argentina,Ecuador,0,2,FIFA World Cup qualification,Buenos Aires,Argentina,0,-2,0,1,1.0,ARG,31.0,ECU,-30.0
2015-10-08,Bolivia,Uruguay,0,0,FIFA World Cup qualification,La Paz,Bolivia,0,0,0,0,67.0,BOL,20.0,URU,47.0
2015-10-08,Chile,Brasil,2,0,FIFA World Cup qualification,Santiago,Chile,0,2,1,0,9.0,CHI,7.0,BRA,2.0
2015-10-08,Colombia,Peru,2,0,FIFA World Cup qualification,Barranquilla,Colombia,0,2,1,0,5.0,COL,50.0,PER,-45.0
2015-10-08,Venezuela,Paraguay,0,1,FIFA World Cup qualification,Ciudad Guayana,Venezuela,0,-1,0,1,69.0,VEN,61.0,PAR,8.0
2015-10-13,Brasil,Venezuela,3,1,FIFA World Cup qualification,Fortaleza,Brasil,0,2,1,0,7.0,BRA,69.0,VEN,-62.0
2015-10-13,Ecuador,Bolivia,2,0,FIFA World Cup qualification,Quito,Ecuador,0,2,1,0,31.0,ECU,67.0,BOL,-36.0
2015-10-13,Paraguay,Argentina,0,0,FIFA World Cup qualification,Asunción,Paraguay,0,0,0,0,61.0,PAR,1.0,ARG,60.0
2015-10-13,Peru,Chile,3,4,FIFA World Cup qualification,Lima,Peru,0,-1,0,1,50.0,PER,9.0,CHI,41.0
2015-10-13,Uruguay,Colombia,3,0,FIFA World Cup qualification,Montevideo,Uruguay,0,3,1,0,20.0,URU,5.0,COL,15.0
2015-11-12,Bolivia,Venezuela,4,2,FIFA World Cup qualification,La Paz,Bolivia,0,2,1,0,77.0,BOL,83.0,VEN,-6.0
2015-11-12,Chile,Colombia,1,1,FIFA World Cup qualification,Santiago,Chile,0,0,0,0,5.0,CHI,7.0,COL,-2.0
2015-11-12,Ecuador,Uruguay,2,1,FIFA World Cup qualification,Quito,Ecuador,0,1,1,0,21.0,ECU,12.0,URU,9.0
2015-11-13,Argentina,Brasil,1,1,FIFA World Cup qualification,Buenos Aires,Argentina,0,0,0,0,3.0,ARG,8.0,BRA,-5.0
2015-11-13,Peru,Paraguay,1,0,FIFA World Cup qualification,Lima,Peru,0,1,1,0,57.0,PER,47.0,PAR,10.0
2015-11-17,Brasil,Peru,3,0,FIFA World Cup qualification,Salvador,Brasil,0,3,1,0,8.0,BRA,57.0,PER,-49.0
2015-11-17,Colombia,Argentina,0,1,FIFA World Cup qualification,Barranquilla,Colombia,0,-1,0,1,7.0,COL,3.0,ARG,4.0
2015-11-17,Paraguay,Bolivia,2,1,FIFA World Cup qualification,Asunción,Paraguay,0,1,1,0,47.0,PAR,77.0,BOL,-30.0
2015-11-17,Uruguay,Chile,3,0,FIFA World Cup qualification,Montevideo,Uruguay,0,3,1,0,12.0,URU,5.0,CHI,7.0
2015-11-17,Venezuela,Ecuador,1,3,FIFA World Cup qualification,Ciudad Guayana,Venezuela,0,-2,0,1,83.0,VEN,21.0,ECU,62.0
2016-03-24,Bolivia,Colombia,2,3,FIFA World Cup qualification,La Paz,Bolivia,0,-1,0,1,72.0,BOL,8.0,COL,64.0
2016-03-24,Chile,Argentina,1,2,FIFA World Cup qualification,Santiago,Chile,0,-1,0,1,5.0,CHI,2.0,ARG,3.0
2016-03-24,Ecuador,Paraguay,2,2,FIFA World Cup qualification,Quito,Ecuador,0,0,0,0,13.0,ECU,43.0,PAR,-30.0
2016-03-24,Peru,Venezuela,2,2,FIFA World Cup qualification,Lima,Peru,0,0,0,0,42.0,PER,75.0,VEN,-33.0
2016-03-25,Brasil,Uruguay,2,2,FIFA World Cup qualification,Recife,Brasil,0,0,0,0,6.0,BRA,11.0,URU,-5.0
2016-03-29,Argentina,Bolivia,2,0,FIFA World Cup qualification,Córdoba,Argentina,0,2,1,0,2.0,ARG,72.0,BOL,-70.0
2016-03-29,Colombia,Ecuador,3,0,FIFA World Cup qualification,Barranquilla,Colombia,0,3,1,0,8.0,COL,13.0,ECU,-5.0
2016-03-29,Paraguay,Brasil,2,2,FIFA World Cup qualification,Asunción,Paraguay,0,0,0,0,43.0,PAR,6.0,BRA,37.0
2016-03-29,Uruguay,Peru,1,0,FIFA World Cup qualification,Montevideo,Uruguay,0,1,1,0,11.0,URU,42.0,PER,-31.0
2016-03-29,Venezuela,Chile,1,4,FIFA World Cup qualification,Barinas,Venezuela,0,-3,0,1,75.0,VEN,5.0,CHI,70.0
2016-06-04,Brasil,Ecuador,0,0,Copa América,Pasadena,USA,1,0,0,0,7.0,BRA,13.0,ECU,-6.0
2016-06-06,Argentina,Chile,2,1,Copa América,Santa Clara,USA,1,1,1,0,1.0,ARG,5.0,CHI,-4.0
2016-06-07,Colombia,Paraguay,2,1,Copa América,Pasadena,USA,1,1,1,0,3.0,COL,44.0,PAR,-41.0
2016-06-08,Ecuador,Peru,2,2,Copa América,Glendale,USA,1,0,0,0,13.0,ECU,48.0,PER,-35.0
2016-06-09,Uruguay,Venezuela,0,1,Copa América,Philadelphia,USA,1,-1,0,1,9.0,URU,77.0,VEN,-68.0
2016-06-10,Chile,Bolivia,2,1,Copa América,Foxborough,USA,1,1,1,0,5.0,CHI,82.0,BOL,-77.0
2016-06-12,Brasil,Peru,0,1,Copa América,Foxborough,USA,1,-1,0,1,7.0,BRA,48.0,PER,-41.0
2016-06-14,Argentina,Bolivia,3,0,Copa América,Seattle,USA,1,3,1,0,1.0,ARG,82.0,BOL,-81.0
2016-06-17,Peru,Colombia,0,0,Copa América,East Rutherford,USA,1,0,0,0,48.0,PER,3.0,COL,45.0
2016-06-18,Argentina,Venezuela,4,1,Copa América,Foxborough,USA,1,3,1,0,1.0,ARG,77.0,VEN,-76.0
2016-06-22,Colombia,Chile,0,2,Copa América,Chicago,USA,1,-2,0,1,3.0,COL,5.0,CHI,-2.0
2016-06-26,Argentina,Chile,0,0,Copa América,East Rutherford,USA,1,0,0,0,1.0,ARG,5.0,CHI,-4.0
2016-09-01,Argentina,Uruguay,1,0,FIFA World Cup qualification,Mendoza,Argentina,0,1,1,0,1.0,ARG,12.0,URU,-11.0
2016-09-01,Bolivia,Peru,0,3,FIFA World Cup qualification,La Paz,Bolivia,0,-3,0,1,110.0,BOL,33.0,PER,77.0
2016-09-01,Colombia,Venezuela,2,0,FIFA World Cup qualification,Barranquilla,Colombia,0,2,1,0,3.0,COL,46.0,VEN,-43.0
2016-09-01,Ecuador,Brasil,0,3,FIFA World Cup qualification,Quito,Ecuador,0,-3,0,1,17.0,ECU,9.0,BRA,8.0
2016-09-01,Paraguay,Chile,2,1,FIFA World Cup qualification,Asunción,Paraguay,0,1,1,0,42.0,PAR,5.0,CHI,37.0
2016-09-06,Brasil,Colombia,2,1,FIFA World Cup qualification,Manaus,Brasil,0,1,1,0,9.0,BRA,3.0,COL,6.0
2016-09-06,Chile,Bolivia,3,0,FIFA World Cup qualification,Santiago,Chile,0,3,1,0,5.0,CHI,110.0,BOL,-105.0
2016-09-06,Peru,Ecuador,2,1,FIFA World Cup qualification,Lima,Peru,0,1,1,0,33.0,PER,17.0,ECU,16.0
2016-09-06,Uruguay,Paraguay,4,0,FIFA World Cup qualification,Montevideo,Uruguay,0,4,1,0,12.0,URU,42.0,PAR,-30.0
2016-09-06,Venezuela,Argentina,2,2,FIFA World Cup qualification,Mérida,Venezuela,0,0,0,0,46.0,VEN,1.0,ARG,45.0
2016-10-06,Brasil,Bolivia,5,0,FIFA World Cup qualification,Natal,Brasil,0,5,1,0,4.0,BRA,75.0,BOL,-71.0
2016-10-06,Ecuador,Chile,3,0,FIFA World Cup qualification,Quito,Ecuador,0,3,1,0,19.0,ECU,6.0,CHI,13.0
2016-10-06,Paraguay,Colombia,0,1,FIFA World Cup qualification,Asunción,Paraguay,0,-1,0,1,36.0,PAR,4.0,COL,32.0
2016-10-06,Peru,Argentina,2,2,FIFA World Cup qualification,Lima,Peru,0,0,0,0,25.0,PER,1.0,ARG,24.0
2016-10-06,Uruguay,Venezuela,3,0,FIFA World Cup qualification,Montevideo,Uruguay,0,3,1,0,9.0,URU,60.0,VEN,-51.0
2016-10-11,Argentina,Paraguay,0,1,FIFA World Cup qualification,Córdoba,Argentina,0,-1,0,1,1.0,ARG,36.0,PAR,-35.0
2016-10-11,Bolivia,Ecuador,2,2,FIFA World Cup qualification,La Paz,Bolivia,0,0,0,0,75.0,BOL,19.0,ECU,56.0
2016-10-11,Chile,Peru,2,1,FIFA World Cup qualification,Santiago,Chile,0,1,1,0,6.0,CHI,25.0,PER,-19.0
2016-10-11,Colombia,Uruguay,2,2,FIFA World Cup qualification,Barranquilla,Colombia,0,0,0,0,4.0,COL,9.0,URU,-5.0
2016-10-11,Venezuela,Brasil,0,2,FIFA World Cup qualification,Mérida,Venezuela,0,-2,0,1,60.0,VEN,4.0,BRA,56.0
2016-11-10,Brasil,Argentina,3,0,FIFA World Cup qualification,Belo Horizonte,Brasil,0,3,1,0,3.0,BRA,1.0,ARG,2.0
2016-11-10,Colombia,Chile,0,0,FIFA World Cup qualification,Barranquilla,Colombia,0,0,0,0,5.0,COL,6.0,CHI,-1.0
2016-11-10,Paraguay,Peru,1,4,FIFA World Cup qualification,Asunción,Paraguay,0,-3,0,1,37.0,PAR,23.0,PER,14.0
2016-11-10,Uruguay,Ecuador,2,1,FIFA World Cup qualification,Montevideo,Uruguay,0,1,1,0,9.0,URU,19.0,ECU,-10.0
2016-11-10,Venezuela,Bolivia,5,0,FIFA World Cup qualification,Maturín,Venezuela,0,5,1,0,68.0,VEN,80.0,BOL,-12.0
2016-11-15,Argentina,Colombia,3,0,FIFA World Cup qualification,San Juan,Argentina,0,3,1,0,1.0,ARG,5.0,COL,-4.0
2016-11-15,Bolivia,Paraguay,1,0,FIFA World Cup qualification,La Paz,Bolivia,0,1,1,0,80.0,BOL,37.0,PAR,43.0
2016-11-15,Chile,Uruguay,3,1,FIFA World Cup qualification,Santiago,Chile,0,2,1,0,6.0,CHI,9.0,URU,-3.0
2016-11-15,Ecuador,Venezuela,3,0,FIFA World Cup qualification,Quito,Ecuador,0,3,1,0,19.0,ECU,68.0,VEN,-49.0
2016-11-15,Peru,Brasil,0,2,FIFA World Cup qualification,Lima,Peru,0,-2,0,1,23.0,PER,3.0,BRA,20.0
2017-01-26,Brasil,Colombia,1,0,Friendly,Rio de Janeiro,Brasil,0,1,1,0,2.0,BRA,6.0,COL,-4.0
2017-03-23,Argentina,Chile,1,0,FIFA World Cup qualification,Buenos Aires,Argentina,0,1,1,0,1.0,ARG,4.0,CHI,-3.0
2017-03-23,Colombia,Bolivia,1,0,FIFA World Cup qualification,Barranquilla,Colombia,0,1,1,0,7.0,COL,97.0,BOL,-90.0
2017-03-23,Paraguay,Ecuador,2,1,FIFA World Cup qualification,Asunción,Paraguay,0,1,1,0,43.0,PAR,22.0,ECU,21.0
2017-03-23,Uruguay,Brasil,1,4,FIFA World Cup qualification,Montevideo,Uruguay,0,-3,0,1,9.0,URU,2.0,BRA,7.0
2017-03-23,Venezuela,Peru,2,2,FIFA World Cup qualification,Maturín,Venezuela,0,0,0,0,59.0,VEN,18.0,PER,41.0
2017-03-28,Bolivia,Argentina,2,0,FIFA World Cup qualification,La Paz,Bolivia,0,2,1,0,97.0,BOL,1.0,ARG,96.0
2017-03-28,Brasil,Paraguay,3,0,FIFA World Cup qualification,São Paulo,Brasil,0,3,1,0,2.0,BRA,43.0,PAR,-41.0
2017-03-28,Chile,Venezuela,3,1,FIFA World Cup qualification,Santiago,Chile,0,2,1,0,4.0,CHI,59.0,VEN,-55.0
2017-03-28,Ecuador,Colombia,0,2,FIFA World Cup qualification,Quito,Ecuador,0,-2,0,1,22.0,ECU,7.0,COL,15.0
2017-03-28,Peru,Uruguay,2,1,FIFA World Cup qualification,Lima,Peru,0,1,1,0,18.0,PER,9.0,URU,9.0
2017-06-08,Ecuador,Venezuela,1,1,Friendly,Boca Raton,USA,1,0,0,0,24.0,ECU,58.0,VEN,-34.0
2017-06-08,Peru,Paraguay,1,0,Friendly,Trujillo,Peru,0,1,1,0,15.0,PER,36.0,PAR,-21.0
2017-06-09,Argentina,Brasil,1,0,Friendly,Melbourne,Australia,1,1,1,0,2.0,ARG,1.0,BRA,1.0
2017-08-31,Brasil,Ecuador,2,0,FIFA World Cup qualification,Porto Alegre,Brasil,0,2,1,0,1.0,BRA,32.0,ECU,-31.0
2017-08-31,Chile,Paraguay,0,3,FIFA World Cup qualification,Santiago,Chile,0,-3,0,1,7.0,CHI,40.0,PAR,-33.0
2017-08-31,Peru,Bolivia,2,1,FIFA World Cup qualification,Lima,Peru,0,1,1,0,15.0,PER,68.0,BOL,-53.0
2017-08-31,Uruguay,Argentina,0,0,FIFA World Cup qualification,Montevideo,Uruguay,0,0,0,0,17.0,URU,3.0,ARG,14.0
2017-08-31,Venezuela,Colombia,0,0,FIFA World Cup qualification,San Cristóbal,Venezuela,0,0,0,0,69.0,VEN,8.0,COL,61.0
2017-09-05,Argentina,Venezuela,1,1,FIFA World Cup qualification,Buenos Aires,Argentina,0,0,0,0,3.0,ARG,69.0,VEN,-66.0
2017-09-05,Bolivia,Chile,1,0,FIFA World Cup qualification,La Paz,Bolivia,0,1,1,0,68.0,BOL,7.0,CHI,61.0
2017-09-05,Colombia,Brasil,1,1,FIFA World Cup qualification,Barranquilla,Colombia,0,0,0,0,8.0,COL,1.0,BRA,7.0
2017-09-05,Ecuador,Peru,0,2,FIFA World Cup qualification,Quito,Ecuador,0,-2,0,1,32.0,ECU,15.0,PER,17.0
2017-09-05,Paraguay,Uruguay,1,2,FIFA World Cup qualification,Asunción,Paraguay,0,-1,0,1,40.0,PAR,17.0,URU,23.0
2017-10-05,Argentina,Peru,0,0,FIFA World Cup qualification,Buenos Aires,Argentina,0,0,0,0,4.0,ARG,12.0,PER,-8.0
2017-10-05,Bolivia,Brasil,0,0,FIFA World Cup qualification,La Paz,Bolivia,0,0,0,0,46.0,BOL,2.0,BRA,44.0
2017-10-05,Chile,Ecuador,2,1,FIFA World Cup qualification,Santiago,Chile,0,1,1,0,9.0,CHI,35.0,ECU,-26.0
2017-10-05,Colombia,Paraguay,1,2,FIFA World Cup qualification,Barranquilla,Colombia,0,-1,0,1,10.0,COL,39.0,PAR,-29.0
2017-10-05,Venezuela,Uruguay,0,0,FIFA World Cup qualification,San Cristóbal,Venezuela,0,0,0,0,68.0,VEN,16.0,URU,52.0
2017-10-10,Brasil,Chile,3,0,FIFA World Cup qualification,São Paulo,Brasil,0,3,1,0,2.0,BRA,9.0,CHI,-7.0
2017-10-10,Ecuador,Argentina,1,3,FIFA World Cup qualification,Quito,Ecuador,0,-2,0,1,35.0,ECU,4.0,ARG,31.0
2017-10-10,Paraguay,Venezuela,0,1,FIFA World Cup qualification,Asunción,Paraguay,0,-1,0,1,39.0,PAR,68.0,VEN,-29.0
2017-10-10,Peru,Colombia,1,1,FIFA World Cup qualification,Lima,Peru,0,0,0,0,12.0,PER,10.0,COL,2.0
2017-10-10,Uruguay,Bolivia,4,2,FIFA World Cup qualification,Montevideo,Uruguay,0,2,1,0,16.0,URU,46.0,BOL,-30.0
2017-11-10,Japon,Brasil,1,3,Friendly,Villeneuve-d'Ascq,France,1,-2,0,1,44.0,JPN,2.0,BRA,42.0
2018-06-12,Japon,Paraguay,4,2,Friendly,Innsbruck,Austria,1,2,1,0,61.0,JPN,32.0,PAR,29.0
